fold,case,true_label,probability_high,predicted_label,correct
1,BraTS-GLI-00008-100,1,0.9170898,1,1
1,BraTS-GLI-00008-101,1,0.9203125,1,1
1,BraTS-GLI-00008-102,1,0.92177737,1,1
1,BraTS-GLI-00008-103,1,0.93359375,1,1
1,BraTS-GLI-00491-100,1,0.9100586,1,1
1,BraTS-GLI-00491-101,1,0.94082034,1,1
1,BraTS-GLI-00556-100,1,0.9363281,1,1
1,BraTS-GLI-00556-101,1,0.9428711,1,1
1,BraTS-GLI-02060-100,1,0.94003904,1,1
1,BraTS-GLI-02060-101,1,0.9417969,1,1
1,BraTS-GLI-02092-100,1,0.92578125,1,1
1,BraTS-GLI-02092-101,1,0.93291014,1,1
1,BraTS-GLI-02092-102,1,0.9379883,1,1
1,BraTS-GLI-02092-103,0,0.9273437,1,0
1,BraTS-GLI-02092-104,0,0.94013673,1,0
1,BraTS-GLI-02092-105,0,0.9373047,1,0
1,BraTS-GLI-02093-100,1,0.9386719,1,1
1,BraTS-GLI-02093-101,1,0.94208986,1,1
1,BraTS-GLI-02093-102,1,0.9386719,1,1
1,BraTS-GLI-02093-103,1,0.9447266,1,1
1,BraTS-GLI-02093-104,1,0.9411133,1,1
1,BraTS-GLI-02093-105,1,0.9385742,1,1
1,BraTS-GLI-02093-106,1,0.93671876,1,1
1,BraTS-GLI-02093-107,1,0.9411133,1,1
1,BraTS-GLI-02093-108,1,0.9446289,1,1
1,BraTS-GLI-02093-109,1,0.9417969,1,1
1,BraTS-GLI-02102-100,1,0.9550781,1,1
1,BraTS-GLI-02102-101,1,0.962207,1,1
1,BraTS-GLI-02116-100,1,0.8972656,1,1
1,BraTS-GLI-02116-101,1,0.89375,1,1
1,BraTS-GLI-02120-100,1,0.9472656,1,1
1,BraTS-GLI-02120-101,1,0.9430664,1,1
1,BraTS-GLI-02124-100,1,0.925,1,1
1,BraTS-GLI-02124-101,1,0.95761716,1,1
1,BraTS-GLI-02144-100,1,0.9272461,1,1
1,BraTS-GLI-02144-101,1,0.92695314,1,1
1,BraTS-GLI-02152-100,1,0.94453126,1,1
1,BraTS-GLI-02152-101,1,0.9355469,1,1
1,BraTS-GLI-02152-102,1,0.93740237,1,1
1,BraTS-GLI-02152-103,0,0.94013673,1,0
1,BraTS-GLI-02152-104,1,0.94560546,1,1
1,BraTS-GLI-02154-100,1,0.93789065,1,1
1,BraTS-GLI-02154-101,1,0.9417969,1,1
1,BraTS-GLI-02164-100,1,0.9338867,1,1
1,BraTS-GLI-02164-101,1,0.9327148,1,1
1,BraTS-GLI-02164-102,1,0.93671876,1,1
1,BraTS-GLI-02164-103,1,0.92822266,1,1
1,BraTS-GLI-02164-104,1,0.931543,1,1
1,BraTS-GLI-02166-100,0,0.92978513,1,0
1,BraTS-GLI-02166-101,0,0.9388672,1,0
1,BraTS-GLI-02169-100,1,0.93496096,1,1
1,BraTS-GLI-02169-101,1,0.94980466,1,1
1,BraTS-GLI-02169-102,1,0.9490234,1,1
1,BraTS-GLI-02184-100,0,0.9388672,1,0
1,BraTS-GLI-02184-101,1,0.9441406,1,1
1,BraTS-GLI-02198-100,1,0.9560547,1,1
1,BraTS-GLI-02198-101,0,0.95400393,1,0
1,BraTS-GLI-02198-102,0,0.95097655,1,0
1,BraTS-GLI-02198-103,0,0.95283204,1,0
1,BraTS-GLI-02198-104,0,0.9571289,1,0
1,BraTS-GLI-02209-100,1,0.9298828,1,1
1,BraTS-GLI-02209-101,0,0.92197263,1,0
1,BraTS-GLI-02209-102,1,0.92109376,1,1
1,BraTS-GLI-02209-103,1,0.9128906,1,1
1,BraTS-GLI-02209-104,1,0.91728514,1,1
1,BraTS-GLI-02217-100,1,0.91152346,1,1
1,BraTS-GLI-02217-101,0,0.92041016,1,0
1,BraTS-GLI-02217-102,1,0.91132814,1,1
1,BraTS-GLI-02217-103,1,0.9091797,1,1
1,BraTS-GLI-02217-104,1,0.90771484,1,1
1,BraTS-GLI-02226-100,0,0.92265624,1,0
1,BraTS-GLI-02226-101,0,0.9290039,1,0
1,BraTS-GLI-02237-100,1,0.92285156,1,1
1,BraTS-GLI-02237-101,1,0.93896484,1,1
1,BraTS-GLI-02237-102,1,0.9195312,1,1
1,BraTS-GLI-02238-100,1,0.915332,1,1
1,BraTS-GLI-02238-101,0,0.90898436,1,0
1,BraTS-GLI-02238-102,1,0.92226565,1,1
1,BraTS-GLI-02238-103,1,0.9207031,1,1
1,BraTS-GLI-02240-100,1,0.93662107,1,1
1,BraTS-GLI-02240-101,1,0.9326172,1,1
1,BraTS-GLI-02245-100,0,0.9171875,1,0
1,BraTS-GLI-02245-101,0,0.92109376,1,0
1,BraTS-GLI-02245-102,1,0.93066406,1,1
1,BraTS-GLI-02245-103,1,0.9266602,1,1
1,BraTS-GLI-02245-104,1,0.92890626,1,1
1,BraTS-GLI-02247-100,1,0.9134766,1,1
1,BraTS-GLI-02247-101,1,0.9163086,1,1
1,BraTS-GLI-02247-102,0,0.9238281,1,0
1,BraTS-GLI-02247-103,1,0.91396487,1,1
1,BraTS-GLI-02247-104,0,0.94013673,1,0
1,BraTS-GLI-02251-100,1,0.9259766,1,1
1,BraTS-GLI-02285-100,1,0.9405273,1,1
1,BraTS-GLI-02285-101,1,0.94443357,1,1
1,BraTS-GLI-02285-103,1,0.95302737,1,1
1,BraTS-GLI-02285-102,1,0.9477539,1,1
1,BraTS-GLI-02326-100,1,0.9375,1,1
1,BraTS-GLI-02342-100,1,0.94384766,1,1
1,BraTS-GLI-02343-100,1,0.95351565,1,1
1,BraTS-GLI-02354-100,1,0.9484375,1,1
1,BraTS-GLI-02387-100,1,0.95351565,1,1
1,BraTS-GLI-02394-100,1,0.9429687,1,1
1,BraTS-GLI-02518-100,1,0.9390625,1,1
1,BraTS-GLI-02518-101,1,0.9298828,1,1
1,BraTS-GLI-02518-103,1,0.92802733,1,1
1,BraTS-GLI-02518-102,1,0.93652344,1,1
1,BraTS-GLI-02609-100,1,0.94970703,1,1
1,BraTS-GLI-02609-101,1,0.9489258,1,1
1,BraTS-GLI-02609-102,1,0.96054685,1,1
1,BraTS-GLI-02609-103,1,0.9626953,1,1
1,BraTS-GLI-02609-104,1,0.9542969,1,1
1,BraTS-GLI-02623-100,1,0.92333984,1,1
1,BraTS-GLI-02623-101,0,0.93720704,1,0
1,BraTS-GLI-02623-102,0,0.9493164,1,0
1,BraTS-GLI-02633-100,1,0.91904294,1,1
1,BraTS-GLI-02647-100,0,0.91142577,1,0
1,BraTS-GLI-02650-100,1,0.9451172,1,1
1,BraTS-GLI-02659-100,1,0.9138672,1,1
1,BraTS-GLI-02661-100,0,0.8979492,1,0
1,BraTS-GLI-02726-100,1,0.91494143,1,1
1,BraTS-GLI-02735-100,1,0.9439453,1,1
1,BraTS-GLI-02735-101,1,0.9494141,1,1
1,BraTS-GLI-02739-101,1,0.946582,1,1
1,BraTS-GLI-02739-100,1,0.94023436,1,1
1,BraTS-GLI-02751-100,0,0.9147461,1,0
1,BraTS-GLI-02751-101,0,0.9116211,1,0
1,BraTS-GLI-02755-100,1,0.89560544,1,1
1,BraTS-GLI-02755-101,1,0.90791017,1,1
1,BraTS-GLI-02767-100,0,0.8928711,1,0
1,BraTS-GLI-02767-101,0,0.92216796,1,0
1,BraTS-GLI-02775-100,1,0.91679686,1,1
1,BraTS-GLI-00085-100,0,0.90410155,1,0
1,BraTS-GLI-00085-101,0,0.91308594,1,0
1,BraTS-GLI-00506-100,1,0.93056643,1,1
1,BraTS-GLI-00506-101,1,0.9429687,1,1
1,BraTS-GLI-00507-100,1,0.93242186,1,1
1,BraTS-GLI-00507-101,1,0.9375,1,1
1,BraTS-GLI-00557-100,1,0.94541013,1,1
1,BraTS-GLI-00557-101,1,0.9392578,1,1
1,BraTS-GLI-02096-100,1,0.9392578,1,1
1,BraTS-GLI-02096-101,1,0.93544924,1,1
1,BraTS-GLI-02096-102,1,0.93173826,1,1
1,BraTS-GLI-02096-103,1,0.94013673,1,1
1,BraTS-GLI-02123-100,0,0.9416016,1,0
1,BraTS-GLI-02123-101,1,0.94570315,1,1
1,BraTS-GLI-02123-102,1,0.9475586,1,1
1,BraTS-GLI-02123-103,1,0.93710935,1,1
1,BraTS-GLI-02360-100,1,0.9459961,1,1
1,BraTS-GLI-02380-100,1,0.9585937,1,1
1,BraTS-GLI-02514-100,1,0.9128906,1,1
1,BraTS-GLI-02514-101,1,0.94990236,1,1
1,BraTS-GLI-02514-102,1,0.9574219,1,1
1,BraTS-GLI-02514-103,1,0.9632813,1,1
1,BraTS-GLI-02514-104,1,0.9649414,1,1
1,BraTS-GLI-02514-105,1,0.96103513,1,1
1,BraTS-GLI-02744-100,1,0.94560546,1,1
1,BraTS-GLI-02744-101,1,0.94140625,1,1
1,BraTS-GLI-02763-100,1,0.9176758,1,1
1,BraTS-GLI-02763-101,1,0.93125,1,1
2,BraTS-GLI-00005-100,0,0.10091553,0,1
2,BraTS-GLI-00005-101,0,0.13946533,0,1
2,BraTS-GLI-00020-100,1,0.28828126,0,0
2,BraTS-GLI-00020-101,1,0.3041748,0,0
2,BraTS-GLI-00096-100,1,0.1348999,0,0
2,BraTS-GLI-00096-101,1,0.15324707,0,0
2,BraTS-GLI-00472-100,0,0.18085937,0,1
2,BraTS-GLI-00472-101,0,0.24128418,0,1
2,BraTS-GLI-00483-100,1,0.16533203,0,0
2,BraTS-GLI-00483-101,1,0.22983399,0,0
2,BraTS-GLI-00485-100,1,0.20910645,0,0
2,BraTS-GLI-00485-101,1,0.2708252,0,0
2,BraTS-GLI-00528-100,1,0.22459717,0,0
2,BraTS-GLI-00528-101,1,0.25708008,0,0
2,BraTS-GLI-00533-100,1,0.20773926,0,0
2,BraTS-GLI-00533-101,1,0.24406739,0,0
2,BraTS-GLI-00547-100,1,0.1751953,0,0
2,BraTS-GLI-00547-101,1,0.23017578,0,0
2,BraTS-GLI-00549-100,0,0.116967775,0,1
2,BraTS-GLI-00549-101,0,0.11773682,0,1
2,BraTS-GLI-00553-100,0,0.1604248,0,1
2,BraTS-GLI-00553-101,1,0.11051025,0,0
2,BraTS-GLI-02064-100,0,0.22105713,0,1
2,BraTS-GLI-02064-101,1,0.25307617,0,0
2,BraTS-GLI-02064-102,1,0.2998047,0,0
2,BraTS-GLI-02070-100,1,0.43864745,0,0
2,BraTS-GLI-02070-101,1,0.26567382,0,0
2,BraTS-GLI-02070-102,1,0.4428711,0,0
2,BraTS-GLI-02072-100,1,0.12818603,0,0
2,BraTS-GLI-02072-101,1,0.13392334,0,0
2,BraTS-GLI-02072-102,1,0.12856445,0,0
2,BraTS-GLI-02072-103,1,0.12510987,0,0
2,BraTS-GLI-02072-104,1,0.10877685,0,0
2,BraTS-GLI-02072-105,1,0.14790039,0,0
2,BraTS-GLI-02074-100,1,0.3243164,0,0
2,BraTS-GLI-02074-101,1,0.17558594,0,0
2,BraTS-GLI-02077-100,1,0.31691894,0,0
2,BraTS-GLI-02077-101,1,0.23710938,0,0
2,BraTS-GLI-02083-100,1,0.18007812,0,0
2,BraTS-GLI-02083-101,1,0.21396485,0,0
2,BraTS-GLI-02083-102,1,0.38688964,0,0
2,BraTS-GLI-02083-103,1,0.50847167,1,1
2,BraTS-GLI-02088-100,1,0.41843262,0,0
2,BraTS-GLI-02088-101,1,0.32736817,0,0
2,BraTS-GLI-02088-102,1,0.19804688,0,0
2,BraTS-GLI-02099-100,1,0.3557373,0,0
2,BraTS-GLI-02099-101,1,0.24909668,0,0
2,BraTS-GLI-02105-100,1,0.21589355,0,0
2,BraTS-GLI-02105-101,1,0.33041993,0,0
2,BraTS-GLI-02105-102,1,0.13082275,0,0
2,BraTS-GLI-02105-103,1,0.19997558,0,0
2,BraTS-GLI-02105-104,1,0.18942872,0,0
2,BraTS-GLI-02105-105,1,0.20935059,0,0
2,BraTS-GLI-02105-106,1,0.13454589,0,0
2,BraTS-GLI-02105-107,1,0.2663086,0,0
2,BraTS-GLI-02108-100,1,0.38798827,0,0
2,BraTS-GLI-02108-101,1,0.33276367,0,0
2,BraTS-GLI-02111-100,1,0.15310058,0,0
2,BraTS-GLI-02111-101,1,0.21020508,0,0
2,BraTS-GLI-02111-102,0,0.18334961,0,1
2,BraTS-GLI-02111-103,0,0.12041016,0,1
2,BraTS-GLI-02111-104,0,0.2550293,0,1
2,BraTS-GLI-02111-105,1,0.13823242,0,0
2,BraTS-GLI-02111-106,1,0.26083985,0,0
2,BraTS-GLI-02111-107,1,0.2770996,0,0
2,BraTS-GLI-02118-100,1,0.1447876,0,0
2,BraTS-GLI-02118-101,1,0.18139648,0,0
2,BraTS-GLI-02119-100,1,0.43789062,0,0
2,BraTS-GLI-02119-101,1,0.41262206,0,0
2,BraTS-GLI-02119-102,1,0.15395507,0,0
2,BraTS-GLI-02137-100,1,0.24040528,0,0
2,BraTS-GLI-02137-101,1,0.31350097,0,0
2,BraTS-GLI-02137-102,0,0.32127684,0,1
2,BraTS-GLI-02137-103,1,0.3317383,0,0
2,BraTS-GLI-02157-100,1,0.31140137,0,0
2,BraTS-GLI-02157-101,1,0.156604,0,0
2,BraTS-GLI-02165-100,1,0.16567382,0,0
2,BraTS-GLI-02165-101,0,0.20786133,0,1
2,BraTS-GLI-02167-100,1,0.2529541,0,0
2,BraTS-GLI-02167-101,1,0.17102051,0,0
2,BraTS-GLI-02186-100,1,0.32885742,0,0
2,BraTS-GLI-02186-101,1,0.24826661,0,0
2,BraTS-GLI-02186-102,1,0.39353028,0,0
2,BraTS-GLI-02186-103,1,0.27819824,0,0
2,BraTS-GLI-02191-100,0,0.22619629,0,1
2,BraTS-GLI-02191-101,0,0.16046143,0,1
2,BraTS-GLI-02192-100,1,0.26677245,0,0
2,BraTS-GLI-02192-101,1,0.1473999,0,0
2,BraTS-GLI-02192-102,1,0.2722168,0,0
2,BraTS-GLI-02192-103,1,0.15678711,0,0
2,BraTS-GLI-02195-100,1,0.2769165,0,0
2,BraTS-GLI-02195-101,1,0.2838623,0,0
2,BraTS-GLI-02199-100,0,0.17631836,0,1
2,BraTS-GLI-02199-101,0,0.15120849,0,1
2,BraTS-GLI-02199-102,0,0.18203124,0,1
2,BraTS-GLI-02199-103,0,0.14379883,0,1
2,BraTS-GLI-02199-104,1,0.1317627,0,0
2,BraTS-GLI-02215-100,0,0.20270996,0,1
2,BraTS-GLI-02215-101,1,0.1505371,0,0
2,BraTS-GLI-02215-102,1,0.36428222,0,0
2,BraTS-GLI-02215-103,1,0.31433105,0,0
2,BraTS-GLI-02216-100,1,0.12867431,0,0
2,BraTS-GLI-02216-101,1,0.17915039,0,0
2,BraTS-GLI-02216-102,1,0.13052979,0,0
2,BraTS-GLI-02216-103,1,0.116931155,0,0
2,BraTS-GLI-02216-104,1,0.23718262,0,0
2,BraTS-GLI-02221-100,1,0.14404297,0,0
2,BraTS-GLI-02221-101,1,0.2743164,0,0
2,BraTS-GLI-02221-102,1,0.411084,0,0
2,BraTS-GLI-02221-103,1,0.13273926,0,0
2,BraTS-GLI-02229-100,0,0.29093018,0,1
2,BraTS-GLI-02256-100,1,0.36416015,0,0
2,BraTS-GLI-02256-101,1,0.2652832,0,0
2,BraTS-GLI-02261-100,1,0.35705566,0,0
2,BraTS-GLI-02273-100,1,0.16171876,0,0
2,BraTS-GLI-02300-101,1,0.26088867,0,0
2,BraTS-GLI-02300-100,1,0.3626465,0,0
2,BraTS-GLI-02300-102,1,0.28427735,0,0
2,BraTS-GLI-02330-100,1,0.15429688,0,0
2,BraTS-GLI-02336-100,1,0.37805176,0,0
2,BraTS-GLI-02340-100,1,0.27932128,0,0
2,BraTS-GLI-02377-100,1,0.31452638,0,0
2,BraTS-GLI-02524-100,1,0.19284669,0,0
2,BraTS-GLI-02524-101,1,0.17185059,0,0
2,BraTS-GLI-02524-102,1,0.2154541,0,0
2,BraTS-GLI-02524-103,1,0.18572998,0,0
2,BraTS-GLI-02524-104,1,0.17232665,0,0
2,BraTS-GLI-02524-105,1,0.22023925,0,0
2,BraTS-GLI-02552-100,1,0.35219726,0,0
2,BraTS-GLI-02561-100,1,0.20004883,0,0
2,BraTS-GLI-02561-101,1,0.21870117,0,0
2,BraTS-GLI-02649-100,1,0.213208,0,0
2,BraTS-GLI-02664-100,0,0.23093262,0,1
2,BraTS-GLI-02675-100,1,0.1666626,0,0
2,BraTS-GLI-02694-100,1,0.25273436,0,0
2,BraTS-GLI-02723-100,1,0.2612427,0,0
2,BraTS-GLI-02754-100,1,0.22272949,0,0
2,BraTS-GLI-02754-101,1,0.20167236,0,0
2,BraTS-GLI-02770-100,1,0.19692382,0,0
2,BraTS-GLI-02770-101,1,0.28295898,0,0
2,BraTS-GLI-02773-101,1,0.1439331,0,0
2,BraTS-GLI-02773-100,1,0.11695556,0,0
2,BraTS-GLI-02082-100,1,0.23288575,0,0
2,BraTS-GLI-02082-101,1,0.45725098,0,0
2,BraTS-GLI-02082-102,1,0.4536377,0,0
2,BraTS-GLI-02082-103,0,0.2867798,0,1
2,BraTS-GLI-02082-104,0,0.43044433,0,1
2,BraTS-GLI-02082-105,0,0.29665527,0,1
2,BraTS-GLI-02082-106,0,0.4328003,0,1
2,BraTS-GLI-02239-100,0,0.24042968,0,1
2,BraTS-GLI-02239-101,0,0.14415284,0,1
2,BraTS-GLI-02239-102,0,0.10678711,0,1
2,BraTS-GLI-02239-103,0,0.12214355,0,1
2,BraTS-GLI-02498-101,1,0.18676758,0,0
2,BraTS-GLI-02498-100,1,0.14846191,0,0
2,BraTS-GLI-02498-102,1,0.29310304,0,0
2,BraTS-GLI-02636-100,0,0.15,0,1
3,BraTS-GLI-00006-100,0,0.058459472,0,1
3,BraTS-GLI-00006-101,0,0.06504516,0,1
3,BraTS-GLI-00060-100,1,0.050714113,0,0
3,BraTS-GLI-00060-101,1,0.051330566,0,0
3,BraTS-GLI-00505-100,1,0.057897948,0,0
3,BraTS-GLI-00505-101,1,0.056762695,0,0
3,BraTS-GLI-00518-100,1,0.05491333,0,0
3,BraTS-GLI-00518-101,1,0.054980468,0,0
3,BraTS-GLI-02066-100,1,0.06876831,0,0
3,BraTS-GLI-02066-101,1,0.07277832,0,0
3,BraTS-GLI-02066-102,1,0.06616211,0,0
3,BraTS-GLI-02066-103,1,0.07039795,0,0
3,BraTS-GLI-02066-104,1,0.07055664,0,0
3,BraTS-GLI-02066-105,1,0.07144775,0,0
3,BraTS-GLI-02078-100,1,0.07873535,0,0
3,BraTS-GLI-02078-101,1,0.056628417,0,0
3,BraTS-GLI-02078-102,1,0.06503906,0,0
3,BraTS-GLI-02078-103,1,0.055749513,0,0
3,BraTS-GLI-02087-100,1,0.06696777,0,0
3,BraTS-GLI-02087-101,1,0.075811766,0,0
3,BraTS-GLI-02087-102,1,0.070733644,0,0
3,BraTS-GLI-02091-100,1,0.055474855,0,0
3,BraTS-GLI-02091-101,1,0.060333252,0,0
3,BraTS-GLI-02091-102,1,0.06572876,0,0
3,BraTS-GLI-02091-103,1,0.056677245,0,0
3,BraTS-GLI-02114-100,1,0.069207765,0,0
3,BraTS-GLI-02114-101,1,0.07329712,0,0
3,BraTS-GLI-02115-100,1,0.072070315,0,0
3,BraTS-GLI-02115-101,1,0.04930725,0,0
3,BraTS-GLI-02129-100,1,0.060357668,0,0
3,BraTS-GLI-02129-101,1,0.06044922,0,0
3,BraTS-GLI-02129-102,1,0.05015869,0,0
3,BraTS-GLI-02129-103,1,0.050671387,0,0
3,BraTS-GLI-02129-104,1,0.052374266,0,0
3,BraTS-GLI-02129-105,1,0.057788085,0,0
3,BraTS-GLI-02129-106,1,0.052600097,0,0
3,BraTS-GLI-02136-100,1,0.063653566,0,0
3,BraTS-GLI-02136-101,1,0.06113281,0,0
3,BraTS-GLI-02136-102,1,0.08308716,0,0
3,BraTS-GLI-02136-103,1,0.062023927,0,0
3,BraTS-GLI-02138-100,1,0.060302734,0,0
3,BraTS-GLI-02138-101,1,0.07559814,0,0
3,BraTS-GLI-02145-100,1,0.05824585,0,0
3,BraTS-GLI-02145-101,1,0.053369142,0,0
3,BraTS-GLI-02147-100,1,0.05980835,0,0
3,BraTS-GLI-02147-101,1,0.06352539,0,0
3,BraTS-GLI-02172-100,1,0.06414185,0,0
3,BraTS-GLI-02172-101,1,0.08464356,0,0
3,BraTS-GLI-02175-100,1,0.07906494,0,0
3,BraTS-GLI-02175-101,1,0.061846923,0,0
3,BraTS-GLI-02175-102,1,0.059454344,0,0
3,BraTS-GLI-02175-103,1,0.05871582,0,0
3,BraTS-GLI-02196-100,1,0.064331055,0,0
3,BraTS-GLI-02196-101,1,0.07504883,0,0
3,BraTS-GLI-02196-102,1,0.05925293,0,0
3,BraTS-GLI-02196-103,1,0.059521485,0,0
3,BraTS-GLI-02196-104,1,0.0574707,0,0
3,BraTS-GLI-02196-105,1,0.06034546,0,0
3,BraTS-GLI-02196-106,1,0.05305786,0,0
3,BraTS-GLI-02204-100,0,0.060455322,0,1
3,BraTS-GLI-02204-101,0,0.06213989,0,1
3,BraTS-GLI-02204-102,0,0.07467651,0,1
3,BraTS-GLI-02204-103,0,0.062164307,0,1
3,BraTS-GLI-02204-104,1,0.061071776,0,0
3,BraTS-GLI-02207-100,0,0.071380615,0,1
3,BraTS-GLI-02207-101,1,0.05927124,0,0
3,BraTS-GLI-02208-100,0,0.06796875,0,1
3,BraTS-GLI-02208-101,0,0.115307614,0,1
3,BraTS-GLI-02208-102,0,0.07125244,0,1
3,BraTS-GLI-02223-100,1,0.0592041,0,0
3,BraTS-GLI-02230-100,0,0.059381105,0,1
3,BraTS-GLI-02230-101,0,0.08232422,0,1
3,BraTS-GLI-02230-102,0,0.059179686,0,1
3,BraTS-GLI-02241-100,1,0.052941896,0,0
3,BraTS-GLI-02241-101,0,0.055541992,0,1
3,BraTS-GLI-02241-102,0,0.059698485,0,1
3,BraTS-GLI-02246-100,0,0.062408447,0,1
3,BraTS-GLI-02246-101,0,0.072784424,0,1
3,BraTS-GLI-02249-100,0,0.061532594,0,1
3,BraTS-GLI-02249-101,0,0.056872558,0,1
3,BraTS-GLI-02254-100,1,0.12084961,0,0
3,BraTS-GLI-02254-101,0,0.08007202,0,1
3,BraTS-GLI-02258-100,1,0.08098145,0,0
3,BraTS-GLI-02258-101,1,0.08729248,0,0
3,BraTS-GLI-02265-100,1,0.074243166,0,0
3,BraTS-GLI-02269-100,1,0.10096435,0,0
3,BraTS-GLI-02269-101,1,0.09644775,0,0
3,BraTS-GLI-02270-100,1,0.08964233,0,0
3,BraTS-GLI-02271-100,1,0.1317749,0,0
3,BraTS-GLI-02281-100,1,0.101257324,0,0
3,BraTS-GLI-02289-100,1,0.07224121,0,0
3,BraTS-GLI-02289-101,1,0.08903809,0,0
3,BraTS-GLI-02289-102,1,0.08213501,0,0
3,BraTS-GLI-02292-100,1,0.14174804,0,0
3,BraTS-GLI-02302-100,1,0.088092044,0,0
3,BraTS-GLI-02334-100,1,0.08765259,0,0
3,BraTS-GLI-02344-100,1,0.09887085,0,0
3,BraTS-GLI-02352-100,1,0.12893066,0,0
3,BraTS-GLI-02355-100,1,0.14672852,0,0
3,BraTS-GLI-02361-100,1,0.09237671,0,0
3,BraTS-GLI-02368-100,1,0.098883055,0,0
3,BraTS-GLI-02375-101,1,0.1696289,0,0
3,BraTS-GLI-02375-100,1,0.17210694,0,0
3,BraTS-GLI-02383-100,1,0.15162353,0,0
3,BraTS-GLI-02390-100,1,0.11037598,0,0
3,BraTS-GLI-02390-101,1,0.109362796,0,0
3,BraTS-GLI-02390-102,1,0.11228027,0,0
3,BraTS-GLI-02403-100,1,0.12574463,0,0
3,BraTS-GLI-02531-100,1,0.05205383,0,0
3,BraTS-GLI-02547-100,1,0.0560791,0,0
3,BraTS-GLI-02547-101,1,0.08432007,0,0
3,BraTS-GLI-02547-102,1,0.07837524,0,0
3,BraTS-GLI-02548-100,1,0.052496336,0,0
3,BraTS-GLI-02548-101,1,0.08439331,0,0
3,BraTS-GLI-02548-102,1,0.045959473,0,0
3,BraTS-GLI-02553-100,1,0.051187135,0,0
3,BraTS-GLI-02553-101,1,0.07957153,0,0
3,BraTS-GLI-02632-100,1,0.056555174,0,0
3,BraTS-GLI-02632-101,1,0.06087036,0,0
3,BraTS-GLI-02632-102,1,0.050598145,0,0
3,BraTS-GLI-02632-103,1,0.043157957,0,0
3,BraTS-GLI-02632-104,1,0.048236083,0,0
3,BraTS-GLI-02634-100,1,0.050991822,0,0
3,BraTS-GLI-02634-101,1,0.056866456,0,0
3,BraTS-GLI-02657-100,0,0.07935791,0,1
3,BraTS-GLI-02660-100,1,0.07370605,0,0
3,BraTS-GLI-02662-100,0,0.09539795,0,1
3,BraTS-GLI-02663-100,1,0.0994751,0,0
3,BraTS-GLI-02708-100,0,0.09318848,0,1
3,BraTS-GLI-02709-100,0,0.10700683,0,1
3,BraTS-GLI-02710-100,0,0.107543945,0,1
3,BraTS-GLI-02721-100,1,0.13599853,0,0
3,BraTS-GLI-02722-100,0,0.08848877,0,1
3,BraTS-GLI-02724-100,1,0.12374268,0,0
3,BraTS-GLI-02736-100,0,0.05873413,0,1
3,BraTS-GLI-02746-100,1,0.05900879,0,0
3,BraTS-GLI-02746-101,1,0.07293701,0,0
3,BraTS-GLI-02736-101,0,0.06187744,0,1
3,BraTS-GLI-02737-101,1,0.060949706,0,0
3,BraTS-GLI-02737-100,1,0.08094482,0,0
3,BraTS-GLI-02748-100,1,0.06281738,0,0
3,BraTS-GLI-02748-101,1,0.06185303,0,0
3,BraTS-GLI-02768-100,1,0.060931396,0,0
3,BraTS-GLI-02768-101,1,0.0532959,0,0
3,BraTS-GLI-02769-100,1,0.04866333,0,0
3,BraTS-GLI-02769-101,1,0.0508667,0,0
3,BraTS-GLI-02772-100,1,0.075976565,0,0
3,BraTS-GLI-02772-101,1,0.06331787,0,0
3,BraTS-GLI-00009-100,1,0.076538086,0,0
3,BraTS-GLI-00009-101,1,0.06307373,0,0
3,BraTS-GLI-02155-100,1,0.061065674,0,0
3,BraTS-GLI-02155-101,1,0.058282472,0,0
3,BraTS-GLI-02259-100,1,0.09711914,0,0
3,BraTS-GLI-02648-100,0,0.09060059,0,1
3,BraTS-GLI-02752-100,0,0.05072937,0,1
3,BraTS-GLI-02752-101,0,0.050994873,0,1
4,BraTS-GLI-00027-100,1,0.72026366,1,1
4,BraTS-GLI-00027-101,1,0.7240723,1,1
4,BraTS-GLI-00080-100,1,0.634375,1,1
4,BraTS-GLI-00080-101,1,0.7921875,1,1
4,BraTS-GLI-00498-100,1,0.6376465,1,1
4,BraTS-GLI-00498-101,1,0.6870117,1,1
4,BraTS-GLI-00511-100,0,0.72861326,1,0
4,BraTS-GLI-00511-101,0,0.71850586,1,0
4,BraTS-GLI-00517-100,1,0.8250977,1,1
4,BraTS-GLI-00517-101,1,0.840625,1,1
4,BraTS-GLI-02061-100,1,0.76835936,1,1
4,BraTS-GLI-02061-101,1,0.7732422,1,1
4,BraTS-GLI-02061-102,1,0.80478513,1,1
4,BraTS-GLI-02061-103,1,0.81503904,1,1
4,BraTS-GLI-02079-100,1,0.8298828,1,1
4,BraTS-GLI-02079-101,1,0.84277344,1,1
4,BraTS-GLI-02081-100,1,0.77490234,1,1
4,BraTS-GLI-02081-101,1,0.77441406,1,1
4,BraTS-GLI-02081-102,1,0.74262697,1,1
4,BraTS-GLI-02084-100,1,0.75571287,1,1
4,BraTS-GLI-02084-101,1,0.790625,1,1
4,BraTS-GLI-02084-102,1,0.77509767,1,1
4,BraTS-GLI-02084-103,1,0.7910156,1,1
4,BraTS-GLI-02100-100,0,0.7482422,1,0
4,BraTS-GLI-02100-101,1,0.76157224,1,1
4,BraTS-GLI-02131-100,1,0.75205076,1,1
4,BraTS-GLI-02131-101,1,0.6874512,1,1
4,BraTS-GLI-02131-102,1,0.75390625,1,1
4,BraTS-GLI-02131-103,0,0.64194334,1,0
4,BraTS-GLI-02139-100,1,0.7038574,1,1
4,BraTS-GLI-02139-101,1,0.7848633,1,1
4,BraTS-GLI-02139-102,1,0.7296875,1,1
4,BraTS-GLI-02139-103,1,0.7567383,1,1
4,BraTS-GLI-02151-100,1,0.7583008,1,1
4,BraTS-GLI-02151-101,1,0.80253905,1,1
4,BraTS-GLI-02151-102,1,0.79160154,1,1
4,BraTS-GLI-02170-100,1,0.7560547,1,1
4,BraTS-GLI-02170-101,1,0.62666017,1,1
4,BraTS-GLI-02170-102,1,0.6766602,1,1
4,BraTS-GLI-02181-100,1,0.77177733,1,1
4,BraTS-GLI-02181-101,1,0.6982422,1,1
4,BraTS-GLI-02181-102,1,0.73100585,1,1
4,BraTS-GLI-02193-100,1,0.7138672,1,1
4,BraTS-GLI-02193-101,1,0.7200195,1,1
4,BraTS-GLI-02193-102,1,0.73095703,1,1
4,BraTS-GLI-02193-103,1,0.7260742,1,1
4,BraTS-GLI-02193-104,1,0.7392578,1,1
4,BraTS-GLI-02193-105,1,0.7642578,1,1
4,BraTS-GLI-02194-100,1,0.71967775,1,1
4,BraTS-GLI-02194-101,1,0.7120117,1,1
4,BraTS-GLI-02194-102,1,0.7619141,1,1
4,BraTS-GLI-02194-103,1,0.7501953,1,1
4,BraTS-GLI-02194-104,1,0.7341797,1,1
4,BraTS-GLI-02194-105,1,0.7284668,1,1
4,BraTS-GLI-02194-106,1,0.720459,1,1
4,BraTS-GLI-02194-107,1,0.7078125,1,1
4,BraTS-GLI-02197-100,1,0.75805664,1,1
4,BraTS-GLI-02197-101,1,0.75087893,1,1
4,BraTS-GLI-02218-100,0,0.7440918,1,0
4,BraTS-GLI-02218-101,0,0.6930176,1,0
4,BraTS-GLI-02218-102,0,0.80683595,1,0
4,BraTS-GLI-02218-103,0,0.78398436,1,0
4,BraTS-GLI-02218-104,0,0.7841797,1,0
4,BraTS-GLI-02220-100,0,0.7765625,1,0
4,BraTS-GLI-02220-101,0,0.78642577,1,0
4,BraTS-GLI-02220-102,0,0.74189454,1,0
4,BraTS-GLI-02224-100,0,0.78994143,1,0
4,BraTS-GLI-02228-100,1,0.7163086,1,1
4,BraTS-GLI-02278-100,1,0.80019534,1,1
4,BraTS-GLI-02287-100,1,0.7751953,1,1
4,BraTS-GLI-02287-101,1,0.78515625,1,1
4,BraTS-GLI-02315-100,1,0.8003906,1,1
4,BraTS-GLI-02314-100,1,0.6773437,1,1
4,BraTS-GLI-02329-100,1,0.77441406,1,1
4,BraTS-GLI-02331-100,1,0.74609375,1,1
4,BraTS-GLI-02339-100,1,0.7722656,1,1
4,BraTS-GLI-02345-100,1,0.7501953,1,1
4,BraTS-GLI-02362-100,1,0.7319336,1,1
4,BraTS-GLI-02365-100,1,0.7753906,1,1
4,BraTS-GLI-02372-100,1,0.58066404,1,1
4,BraTS-GLI-02378-100,1,0.6803711,1,1
4,BraTS-GLI-02378-101,1,0.6112305,1,1
4,BraTS-GLI-02378-102,1,0.542041,1,1
4,BraTS-GLI-02381-100,1,0.5979004,1,1
4,BraTS-GLI-02382-100,1,0.63554686,1,1
4,BraTS-GLI-02384-100,1,0.5635254,1,1
4,BraTS-GLI-02386-100,1,0.5102539,1,1
4,BraTS-GLI-02388-100,1,0.6225586,1,1
4,BraTS-GLI-02388-101,1,0.4458496,0,0
4,BraTS-GLI-02389-100,1,0.47265625,0,0
4,BraTS-GLI-02515-100,1,0.815625,1,1
4,BraTS-GLI-02515-101,1,0.8185547,1,1
4,BraTS-GLI-02517-100,1,0.7588867,1,1
4,BraTS-GLI-02517-101,1,0.79179686,1,1
4,BraTS-GLI-02520-100,1,0.74262697,1,1
4,BraTS-GLI-02520-102,1,0.7835938,1,1
4,BraTS-GLI-02520-101,1,0.85546875,1,1
4,BraTS-GLI-02520-103,1,0.7463867,1,1
4,BraTS-GLI-02520-104,1,0.71777344,1,1
4,BraTS-GLI-02556-101,1,0.75878906,1,1
4,BraTS-GLI-02556-100,0,0.7506836,1,0
4,BraTS-GLI-02558-100,1,0.709668,1,1
4,BraTS-GLI-02558-101,1,0.70075685,1,1
4,BraTS-GLI-02608-101,1,0.67280275,1,1
4,BraTS-GLI-02608-100,1,0.6927246,1,1
4,BraTS-GLI-02608-102,1,0.70612794,1,1
4,BraTS-GLI-02608-103,1,0.70432127,1,1
4,BraTS-GLI-02608-104,1,0.6536377,1,1
4,BraTS-GLI-02608-105,1,0.63161623,1,1
4,BraTS-GLI-02625-100,0,0.6467285,1,0
4,BraTS-GLI-02631-100,0,0.68837893,1,0
4,BraTS-GLI-02631-101,0,0.68759763,1,0
4,BraTS-GLI-02637-100,1,0.7609375,1,1
4,BraTS-GLI-02637-101,0,0.75253904,1,0
4,BraTS-GLI-02652-100,1,0.79248047,1,1
4,BraTS-GLI-02653-100,0,0.81044924,1,0
4,BraTS-GLI-02658-100,0,0.81767577,1,0
4,BraTS-GLI-02685-100,1,0.8058594,1,1
4,BraTS-GLI-02698-100,0,0.80136716,1,0
4,BraTS-GLI-02699-100,1,0.61982423,1,1
4,BraTS-GLI-02701-100,0,0.7678711,1,0
4,BraTS-GLI-02725-100,0,0.82373047,1,0
4,BraTS-GLI-02745-100,1,0.74003905,1,1
4,BraTS-GLI-02745-101,1,0.7555664,1,1
4,BraTS-GLI-02750-100,1,0.6779785,1,1
4,BraTS-GLI-02750-101,1,0.6828125,1,1
4,BraTS-GLI-02757-100,1,0.7482422,1,1
4,BraTS-GLI-02757-101,1,0.7489258,1,1
4,BraTS-GLI-02759-100,0,0.72578126,1,0
4,BraTS-GLI-02759-101,0,0.70405275,1,0
4,BraTS-GLI-02764-100,0,0.7475098,1,0
4,BraTS-GLI-02764-101,0,0.709082,1,0
4,BraTS-GLI-02765-101,1,0.7297363,1,1
4,BraTS-GLI-02765-100,1,0.7481934,1,1
4,BraTS-GLI-02766-100,1,0.7131836,1,1
4,BraTS-GLI-02766-101,1,0.7011719,1,1
4,BraTS-GLI-00463-100,1,0.7481445,1,1
4,BraTS-GLI-00463-101,1,0.71743166,1,1
4,BraTS-GLI-00469-100,1,0.7832031,1,1
4,BraTS-GLI-00469-101,1,0.68374026,1,1
4,BraTS-GLI-00512-100,1,0.7819336,1,1
4,BraTS-GLI-00512-101,1,0.7318848,1,1
4,BraTS-GLI-02069-100,1,0.671875,1,1
4,BraTS-GLI-02069-101,1,0.6800293,1,1
4,BraTS-GLI-02069-102,1,0.72939456,1,1
4,BraTS-GLI-02069-103,1,0.7168457,1,1
4,BraTS-GLI-02274-100,1,0.74921876,1,1
4,BraTS-GLI-02327-100,1,0.70927733,1,1
4,BraTS-GLI-02598-100,1,0.78984374,1,1
4,BraTS-GLI-02598-101,1,0.7686523,1,1
4,BraTS-GLI-02598-102,1,0.7079834,1,1
4,BraTS-GLI-02656-100,1,0.8004883,1,1
4,BraTS-GLI-02693-100,0,0.8023437,1,0
4,BraTS-GLI-02741-100,0,0.73359376,1,0
4,BraTS-GLI-02741-101,0,0.7831055,1,0
4,BraTS-GLI-02743-100,1,0.7458008,1,1
4,BraTS-GLI-02743-101,1,0.74384767,1,1
5,BraTS-GLI-00063-100,1,0.07980957,0,0
5,BraTS-GLI-00063-101,1,0.09225464,0,0
5,BraTS-GLI-00078-100,0,0.075480655,0,1
5,BraTS-GLI-00078-101,0,0.07366028,0,1
5,BraTS-GLI-00529-100,1,0.0616333,0,0
5,BraTS-GLI-00529-101,1,0.07913895,0,0
5,BraTS-GLI-00548-100,0,0.056826018,0,1
5,BraTS-GLI-00548-101,0,0.09456177,0,1
5,BraTS-GLI-02062-100,1,0.0515213,0,0
5,BraTS-GLI-02062-101,1,0.057788085,0,0
5,BraTS-GLI-02062-102,1,0.07300262,0,0
5,BraTS-GLI-02062-103,1,0.07016907,0,0
5,BraTS-GLI-02062-104,1,0.056095887,0,0
5,BraTS-GLI-02062-105,1,0.08480835,0,0
5,BraTS-GLI-02068-100,1,0.06852722,0,0
5,BraTS-GLI-02068-101,1,0.07088318,0,0
5,BraTS-GLI-02071-100,1,0.08770142,0,0
5,BraTS-GLI-02071-101,1,0.06439972,0,0
5,BraTS-GLI-02076-100,1,0.07277222,0,0
5,BraTS-GLI-02076-101,1,0.07968445,0,0
5,BraTS-GLI-02085-100,1,0.082803346,0,0
5,BraTS-GLI-02085-101,1,0.090472415,0,0
5,BraTS-GLI-02085-102,1,0.08171692,0,0
5,BraTS-GLI-02085-103,1,0.09236755,0,0
5,BraTS-GLI-02085-104,1,0.09844055,0,0
5,BraTS-GLI-02085-105,1,0.10057525,0,0
5,BraTS-GLI-02086-100,1,0.0802063,0,0
5,BraTS-GLI-02086-101,1,0.0710083,0,0
5,BraTS-GLI-02104-100,1,0.11317825,0,0
5,BraTS-GLI-02104-101,1,0.06808166,0,0
5,BraTS-GLI-02106-100,1,0.045250703,0,0
5,BraTS-GLI-02106-101,1,0.040855408,0,0
5,BraTS-GLI-02106-102,1,0.038491823,0,0
5,BraTS-GLI-02110-100,1,0.051452637,0,0
5,BraTS-GLI-02110-101,1,0.062188722,0,0
5,BraTS-GLI-02128-100,1,0.037197113,0,0
5,BraTS-GLI-02128-101,1,0.046702575,0,0
5,BraTS-GLI-02128-102,1,0.09177856,0,0
5,BraTS-GLI-02128-103,1,0.065200806,0,0
5,BraTS-GLI-02141-100,1,0.053316496,0,0
5,BraTS-GLI-02141-101,1,0.048567962,0,0
5,BraTS-GLI-02143-100,1,0.093170166,0,0
5,BraTS-GLI-02143-101,1,0.091983035,0,0
5,BraTS-GLI-02143-102,1,0.062516786,0,0
5,BraTS-GLI-02143-103,1,0.10958252,0,0
5,BraTS-GLI-02143-104,1,0.06755066,0,0
5,BraTS-GLI-02149-100,1,0.113572694,0,0
5,BraTS-GLI-02149-101,1,0.06018219,0,0
5,BraTS-GLI-02149-102,1,0.10552521,0,0
5,BraTS-GLI-02149-103,1,0.07724724,0,0
5,BraTS-GLI-02149-104,1,0.07024193,0,0
5,BraTS-GLI-02153-100,1,0.072070315,0,0
5,BraTS-GLI-02153-101,1,0.056684874,0,0
5,BraTS-GLI-02153-102,1,0.058787536,0,0
5,BraTS-GLI-02153-103,1,0.08676529,0,0
5,BraTS-GLI-02162-100,1,0.086763,0,0
5,BraTS-GLI-02162-101,1,0.07429199,0,0
5,BraTS-GLI-02174-100,1,0.1508545,0,0
5,BraTS-GLI-02174-101,1,0.069667056,0,0
5,BraTS-GLI-02176-100,1,0.07646332,0,0
5,BraTS-GLI-02176-101,1,0.05784607,0,0
5,BraTS-GLI-02176-102,1,0.058584593,0,0
5,BraTS-GLI-02176-103,1,0.057525635,0,0
5,BraTS-GLI-02185-100,1,0.08777924,0,0
5,BraTS-GLI-02185-101,1,0.107644655,0,0
5,BraTS-GLI-02185-102,1,0.12207337,0,0
5,BraTS-GLI-02188-100,1,0.07154389,0,0
5,BraTS-GLI-02188-101,0,0.061509706,0,1
5,BraTS-GLI-02205-100,0,0.09586792,0,1
5,BraTS-GLI-02205-101,1,0.07983704,0,0
5,BraTS-GLI-02205-102,0,0.06852417,0,1
5,BraTS-GLI-02205-103,1,0.06514587,0,0
5,BraTS-GLI-02205-104,0,0.060151674,0,1
5,BraTS-GLI-02205-105,1,0.10012207,0,0
5,BraTS-GLI-02206-100,0,0.07770538,0,1
5,BraTS-GLI-02206-101,0,0.09335022,0,1
5,BraTS-GLI-02206-102,0,0.05948181,0,1
5,BraTS-GLI-02206-103,1,0.059025574,0,0
5,BraTS-GLI-02206-104,0,0.055143736,0,1
5,BraTS-GLI-02222-100,1,0.03934326,0,0
5,BraTS-GLI-02227-100,0,0.04992447,0,1
5,BraTS-GLI-02227-101,0,0.05179596,0,1
5,BraTS-GLI-02236-100,0,0.049006652,0,1
5,BraTS-GLI-02236-101,0,0.070373535,0,1
5,BraTS-GLI-02236-102,0,0.063912965,0,1
5,BraTS-GLI-02236-103,0,0.06996765,0,1
5,BraTS-GLI-02242-100,1,0.04440842,0,0
5,BraTS-GLI-02242-101,0,0.081035614,0,1
5,BraTS-GLI-02242-102,0,0.04341049,0,1
5,BraTS-GLI-02242-103,0,0.11335449,0,1
5,BraTS-GLI-02242-104,1,0.103665926,0,0
5,BraTS-GLI-02243-100,1,0.11937256,0,0
5,BraTS-GLI-02243-101,1,0.09991455,0,0
5,BraTS-GLI-02244-100,1,0.06409607,0,0
5,BraTS-GLI-02244-101,1,0.09649658,0,0
5,BraTS-GLI-02244-102,0,0.111203,0,1
5,BraTS-GLI-02244-103,1,0.07740631,0,0
5,BraTS-GLI-02244-104,1,0.0986084,0,0
5,BraTS-GLI-02268-100,1,0.08726807,0,0
5,BraTS-GLI-02268-101,1,0.11325073,0,0
5,BraTS-GLI-02284-100,1,0.10335541,0,0
5,BraTS-GLI-02306-100,1,0.071810916,0,0
5,BraTS-GLI-02319-100,1,0.08523254,0,0
5,BraTS-GLI-02318-100,1,0.08332825,0,0
5,BraTS-GLI-02333-100,1,0.08724823,0,0
5,BraTS-GLI-02335-100,1,0.08075867,0,0
5,BraTS-GLI-02335-101,1,0.076171875,0,0
5,BraTS-GLI-02337-100,1,0.090472415,0,0
5,BraTS-GLI-02338-100,1,0.06639709,0,0
5,BraTS-GLI-02347-100,1,0.06989746,0,0
5,BraTS-GLI-02363-100,1,0.0756073,0,0
5,BraTS-GLI-02546-100,1,0.060059357,0,0
5,BraTS-GLI-02599-100,1,0.089091495,0,0
5,BraTS-GLI-02605-100,1,0.053675078,0,0
5,BraTS-GLI-02610-100,0,0.06787376,0,1
5,BraTS-GLI-02610-101,1,0.09181519,0,0
5,BraTS-GLI-02610-102,1,0.054553222,0,0
5,BraTS-GLI-02635-100,0,0.069727324,0,1
5,BraTS-GLI-02635-101,0,0.06452713,0,1
5,BraTS-GLI-02638-101,1,0.06454544,0,0
5,BraTS-GLI-02638-100,1,0.050842285,0,0
5,BraTS-GLI-02654-100,1,0.10626221,0,0
5,BraTS-GLI-02655-100,0,0.1068634,0,1
5,BraTS-GLI-02665-100,0,0.07862854,0,1
5,BraTS-GLI-02688-100,0,0.08091736,0,1
5,BraTS-GLI-02707-100,0,0.09279785,0,1
5,BraTS-GLI-02717-100,0,0.10541382,0,1
5,BraTS-GLI-02740-100,1,0.072157286,0,0
5,BraTS-GLI-02740-101,1,0.05597534,0,0
5,BraTS-GLI-02742-100,1,0.09488068,0,0
5,BraTS-GLI-02742-101,1,0.1202301,0,0
5,BraTS-GLI-02747-100,1,0.15533447,0,0
5,BraTS-GLI-02747-101,1,0.13718262,0,0
5,BraTS-GLI-02756-100,1,0.06689606,0,0
5,BraTS-GLI-02756-101,1,0.11472778,0,0
5,BraTS-GLI-02758-100,0,0.12568359,0,1
5,BraTS-GLI-02758-101,0,0.117269896,0,1
5,BraTS-GLI-02761-100,1,0.11595764,0,0
5,BraTS-GLI-02761-101,1,0.10536041,0,0
5,BraTS-GLI-02771-100,1,0.115435794,0,0
5,BraTS-GLI-02771-101,1,0.15445557,0,0
5,BraTS-GLI-02774-100,1,0.11991577,0,0
5,BraTS-GLI-02774-101,1,0.09960785,0,0
5,BraTS-GLI-02063-100,1,0.06601105,0,0
5,BraTS-GLI-02063-101,1,0.07037659,0,0
5,BraTS-GLI-02063-102,1,0.057518005,0,0
5,BraTS-GLI-02063-103,1,0.106976315,0,0
5,BraTS-GLI-02063-104,1,0.056554414,0,0
5,BraTS-GLI-02063-105,1,0.07542572,0,0
5,BraTS-GLI-02063-106,1,0.07396851,0,0
5,BraTS-GLI-02160-100,1,0.10928345,0,0
5,BraTS-GLI-02160-101,1,0.050601196,0,0
5,BraTS-GLI-02160-102,1,0.053361513,0,0
5,BraTS-GLI-02178-100,1,0.0644928,0,0
5,BraTS-GLI-02178-101,1,0.04066925,0,0
5,BraTS-GLI-02178-102,1,0.044441987,0,0
5,BraTS-GLI-02288-100,1,0.06766663,0,0
5,BraTS-GLI-02385-100,1,0.096508786,0,0
5,BraTS-GLI-02689-100,1,0.13789062,0,0
