case_id,patient,sequence,t1c_bytes,t1c_shape,t1c_min,t1c_max,t1c_mean,t1c_std,t1c_nonzero_pct,t1n_bytes,t1n_shape,t1n_min,t1n_max,t1n_mean,t1n_std,t1n_nonzero_pct,t2f_bytes,t2f_shape,t2f_min,t2f_max,t2f_mean,t2f_std,t2f_nonzero_pct,t2w_bytes,t2w_shape,t2w_min,t2w_max,t2w_mean,t2w_std,t2w_nonzero_pct
BraTS-GLI-02073-100,02073,100,11022682,"182,218,182",0.0,6626.46533203125,312.3879699707031,686.3789672851562,19.430242103898724,11033972,"182,218,182",0.0,2949.921142578125,275.31182861328125,603.438232421875,19.430242103898724,11006446,"182,218,182",0.0,1818.91455078125,150.8396453857422,318.791748046875,19.43022825546265,11028952,"182,218,182",0.0,2340.14697265625,149.2113037109375,349.8436279296875,19.430020528921627
BraTS-GLI-02073-101,02073,101,10735588,"182,218,182",0.0,2149.138916015625,75.97479248046875,165.4170379638672,18.953689721912326,10744761,"182,218,182",0.0,1567.6837158203125,68.56956481933594,148.9452667236328,18.953689721912326,10758590,"182,218,182",0.0,808.9630737304688,39.54112243652344,86.86356353759766,18.95364817660412,10771358,"182,218,182",0.0,1487.7413330078125,98.86790466308594,225.3211212158203,18.953675873476257
BraTS-GLI-02095-100,02095,100,10141033,"182,218,182",0.0,1146.6436767578125,43.052879333496094,98.543212890625,17.810570566644767,10152382,"182,218,182",0.0,500.1510925292969,38.05694580078125,87.17160034179688,17.810570566644767,10147953,"182,218,182",0.0,532.1810913085938,33.10033416748047,74.81853485107422,17.810570566644767,10159671,"182,218,182",0.0,1146.2716064453125,73.33878326416016,171.3664093017578,17.8105567182087
BraTS-GLI-02095-101,02095,101,10305119,"182,218,182",0.0,2218.04150390625,75.99064636230469,171.52101135253906,18.10572228457096,10306141,"182,218,182",0.0,1492.759521484375,67.34742736816406,150.0054931640625,18.10572228457096,10316608,"182,218,182",0.0,1035.939453125,40.11116027832031,91.28252410888672,18.10572228457096,10334194,"182,218,182",0.0,2065.44287109375,121.63929748535156,288.50360107421875,18.10572228457096
BraTS-GLI-02095-102,02095,102,10209305,"182,218,182",0.0,8060.6103515625,241.6295623779297,559.92138671875,17.91928078978185,10215502,"182,218,182",0.0,3142.341796875,205.82737731933594,476.8326416015625,17.91928078978185,10199526,"182,218,182",0.0,427.89190673828125,28.462305068969727,63.856727600097656,17.91928078978185,10232743,"182,218,182",0.0,1051.4969482421875,56.7322883605957,134.9615478515625,17.91928078978185
BraTS-GLI-02097-100,02097,100,10903798,"182,218,182",0.0,1735.21875,76.75181579589844,164.3272705078125,19.266428953645406,10902557,"182,218,182",0.0,618.01953125,68.3126449584961,144.2379150390625,19.266428953645406,10919751,"182,218,182",0.0,1007.7303466796875,48.989646911621094,106.46308898925781,19.266428953645406,10965907,"182,218,182",0.0,1953.078125,103.30107116699219,251.225830078125,19.266428953645406
BraTS-GLI-02097-101,02097,101,10915472,"182,218,182",0.0,1933.07275390625,82.29659271240234,177.06402587890625,19.27376862476167,10912799,"182,218,182",0.0,913.4844970703125,72.62364196777344,153.3411865234375,19.27376862476167,10925531,"182,218,182",0.0,972.00830078125,53.011600494384766,115.54920959472656,19.27376862476167,10973478,"182,218,182",0.0,2496.629150390625,114.65960693359375,281.85101318359375,19.27376862476167
BraTS-GLI-02109-100,02109,100,13224854,"182,218,182",0.0,2211.611572265625,100.58507537841797,189.6551055908203,23.533353681302064,13239918,"182,218,182",0.0,1604.7581787109375,89.97809600830078,169.3544158935547,23.533353681302064,13227262,"182,218,182",0.0,888.1880493164062,57.53260040283203,108.27998352050781,23.533353681302064,13264913,"182,218,182",0.0,1859.68505859375,132.9031219482422,260.20135498046875,23.533353681302064
BraTS-GLI-02109-101,02109,101,13246636,"182,218,182",0.0,2013.6904296875,94.26744842529297,177.489013671875,23.573611084952955,13259114,"182,218,182",0.0,1205.6531982421875,85.53163146972656,161.08868408203125,23.573611084952955,13246472,"182,218,182",0.0,961.8807983398438,55.104915618896484,104.02693176269531,23.573611084952955,13292492,"182,218,182",0.0,1873.29638671875,129.07763671875,258.2974548339844,23.573597236516886
BraTS-GLI-02109-102,02109,102,13297308,"182,218,182",0.0,320.9279479980469,17.108304977416992,32.50619888305664,23.684786329710214,13323083,"182,218,182",0.0,153.747314453125,15.476183891296387,29.475522994995117,23.684786329710214,13306009,"182,218,182",0.0,198.4972381591797,13.566169738769531,25.35824966430664,23.684564754733117,13342761,"182,218,182",0.0,326.954833984375,25.01313591003418,48.77688980102539,23.684772481274145
BraTS-GLI-02109-103,02109,103,13381054,"182,218,182",0.0,2352.751708984375,110.0429458618164,206.60833740234375,23.822619813899177,13390695,"182,218,182",0.0,1600.311279296875,99.11752319335938,185.4880828857422,23.822619813899177,13381944,"182,218,182",0.0,854.1864013671875,67.91377258300781,129.63534545898438,23.822619813899177,13430405,"182,218,182",0.0,2045.48193359375,133.10324096679688,261.1056213378906,23.822619813899177
BraTS-GLI-02109-104,02109,104,13592680,"182,218,182",0.0,8297.900390625,412.0972900390625,783.1300048828125,24.148944361415374,13607939,"182,218,182",0.0,3389.154541015625,358.6856384277344,682.14990234375,24.148944361415374,13571152,"182,218,182",0.0,1841.78466796875,210.1602783203125,385.50201416015625,24.148944361415374,13608984,"182,218,182",0.0,2486.6083984375,187.2075653076172,377.1740417480469,24.148944361415374
BraTS-GLI-02113-100,02113,100,10546193,"182,218,182",0.0,2246.268310546875,85.83826446533203,187.57992553710938,18.61830829720738,10559241,"182,218,182",0.0,1553.4578857421875,78.41204833984375,171.35372924804688,18.61830829720738,10563506,"182,218,182",0.0,779.1940307617188,46.8489990234375,102.87734985351562,18.61830829720738,10598160,"182,218,182",0.0,2284.969482421875,109.33512878417969,256.5259094238281,18.61830829720738
BraTS-GLI-02113-101,02113,101,10568923,"182,218,182",0.0,868.179931640625,43.322872161865234,95.3453369140625,18.627559052501084,10584139,"182,218,182",0.0,423.888427734375,38.38927459716797,84.6761703491211,18.627559052501084,10573828,"182,218,182",0.0,521.8321533203125,34.98836898803711,76.52049255371094,18.627559052501084,10602385,"182,218,182",0.0,1470.1856689453125,78.41548919677734,189.30010986328125,18.627351325960056
BraTS-GLI-02122-100,02122,100,12113876,"182,218,182",0.0,8054.53125,375.7262268066406,763.408447265625,21.432878292188708,12128233,"182,218,182",0.0,4586.48583984375,318.79022216796875,649.669921875,21.432878292188708,12096184,"182,218,182",0.0,2297.297607421875,190.21389770507812,376.0462951660156,21.432878292188708,12133118,"182,218,182",0.0,2318.130615234375,158.271728515625,337.868408203125,21.432878292188708
BraTS-GLI-02122-101,02122,101,12008730,"182,218,182",0.0,8904.0361328125,391.9715881347656,798.0886840820312,21.242780810277534,12018985,"182,218,182",0.0,4351.14111328125,339.5244445800781,694.8533935546875,21.242780810277534,11999501,"182,218,182",0.0,2171.0634765625,174.4711456298828,348.1170349121094,21.242780810277534,12030698,"182,218,182",0.0,2198.118408203125,155.02725219726562,333.4892272949219,21.242780810277534
BraTS-GLI-02125-100,02125,100,11016892,"182,218,182",0.0,9540.5126953125,395.0941467285156,860.8326416015625,19.42125446889032,11022870,"182,218,182",0.0,5575.36376953125,348.06463623046875,749.5734252929688,19.42125446889032,11001608,"182,218,182",0.0,1750.7039794921875,148.84530639648438,314.2725830078125,19.42125446889032,11016530,"182,218,182",0.0,2370.125244140625,155.55995178222656,346.95880126953125,19.42125446889032
BraTS-GLI-02125-101,02125,101,10776036,"182,218,182",0.0,1707.760009765625,70.62267303466797,151.82098388671875,19.020494577506373,10781356,"182,218,182",0.0,1327.082763671875,63.9086799621582,136.8645477294922,19.020494577506373,10794076,"182,218,182",0.0,670.3092651367188,42.63911437988281,93.1181640625,19.020494577506373,10807383,"182,218,182",0.0,1343.061767578125,89.14881896972656,196.11485290527344,19.020480729070304
BraTS-GLI-02126-100,02126,100,10332824,"182,218,182",0.0,2079.427734375,78.17886352539062,174.39251708984375,18.217548405823432,10346114,"182,218,182",0.0,1493.1458740234375,72.60707092285156,160.4248046875,18.217548405823432,10343614,"182,218,182",0.0,917.2711181640625,41.43771743774414,91.96627044677734,18.217548405823432,10373508,"182,218,182",0.0,1933.463623046875,103.22772216796875,239.9408416748047,18.217548405823432
BraTS-GLI-02126-101,02126,101,10331312,"182,218,182",0.0,2058.564697265625,78.60629272460938,174.18016052246094,18.201830430885778,10342464,"182,218,182",0.0,1408.2650146484375,69.84761810302734,154.66412353515625,18.201830430885778,10335322,"182,218,182",0.0,975.7249145507812,43.37068557739258,96.35702514648438,18.201151857518425,10364885,"182,218,182",0.0,1724.88232421875,100.4622573852539,234.03030395507812,18.201830430885778
BraTS-GLI-02127-100,02127,100,12110245,"182,218,182",0.0,1529.928466796875,86.33688354492188,170.4526824951172,21.495154709188384,12105413,"182,218,182",0.0,770.4059448242188,77.683837890625,152.6316680908203,21.495154709188384,12131404,"182,218,182",0.0,896.1524658203125,61.073387145996094,125.826416015625,21.494670013925987,12180954,"182,218,182",0.0,1973.667724609375,101.35951232910156,226.3186492919922,21.494199167099662
BraTS-GLI-02127-101,02127,101,11810512,"182,218,182",0.0,1631.11767578125,87.1559829711914,175.02735900878906,20.912412519429356,11808976,"182,218,182",0.0,729.9334716796875,79.08222198486328,158.66087341308594,20.912412519429356,11813838,"182,218,182",0.0,1301.619140625,58.99647521972656,122.0262680053711,20.911637007009524,11867089,"182,218,182",0.0,2186.948486328125,112.22602081298828,259.13836669921875,20.91228788350474
BraTS-GLI-02127-102,02127,102,12008974,"182,218,182",0.0,1877.8240966796875,93.29618072509766,185.85781860351562,21.284533845023816,12007350,"182,218,182",0.0,739.3499145507812,83.6788330078125,165.76063537597656,21.284533845023816,12022855,"182,218,182",0.0,770.1502685546875,65.03516387939453,134.16064453125,21.28449229971561,12070392,"182,218,182",0.0,2389.95361328125,117.58714294433594,265.2909851074219,21.284533845023816
BraTS-GLI-02127-103,02127,103,11765782,"182,218,182",0.0,8379.2783203125,421.81585693359375,873.6447143554688,20.784965362291704,11777834,"182,218,182",0.0,4205.5322265625,374.39996337890625,778.8991088867188,20.784965362291704,11747984,"182,218,182",0.0,2024.7825927734375,204.84451293945312,419.2981872558594,20.784965362291704,11781663,"182,218,182",0.0,2562.690673828125,170.2933349609375,378.3775329589844,20.784965362291704
BraTS-GLI-02130-100,02130,100,11900310,"182,218,182",0.0,1924.7403564453125,84.31462860107422,168.85537719726562,21.101928367025653,11913578,"182,218,182",0.0,1046.2606201171875,76.83036041259766,153.8861541748047,21.101928367025653,11927097,"182,218,182",0.0,669.717529296875,43.37007522583008,87.20092010498047,21.101928367025653,11947924,"182,218,182",0.0,1514.4420166015625,101.77660369873047,211.83538818359375,21.101928367025653
BraTS-GLI-02130-101,02130,101,11613456,"182,218,182",0.0,2676.218994140625,130.75657653808594,267.5143737792969,20.584149190863577,11639427,"182,218,182",0.0,1016.1223754882812,110.16817474365234,226.54782104492188,20.584149190863577,11610934,"182,218,182",0.0,252.4389190673828,24.85184669494629,50.8154296875,20.584149190863577,11660914,"182,218,182",0.0,688.6708374023438,47.78959274291992,100.4502944946289,20.584149190863577
BraTS-GLI-02130-102,02130,102,12419699,"182,218,182",0.0,9147.1396484375,440.2230224609375,881.0171508789062,22.01423563834089,12442023,"182,218,182",0.0,3802.488037109375,386.4974365234375,773.7874145507812,22.01423563834089,12417614,"182,218,182",0.0,1848.982421875,197.19325256347656,381.7303161621094,22.01423563834089,12448021,"182,218,182",0.0,2214.912353515625,143.5186309814453,299.72930908203125,22.013930972747385
BraTS-GLI-02130-103,02130,103,11945631,"182,218,182",0.0,1026.7537841796875,50.191856384277344,101.18861389160156,21.160216434437626,11964446,"182,218,182",0.0,509.4327697753906,44.542083740234375,89.94266510009766,21.160216434437626,11932730,"182,218,182",0.0,527.8724365234375,39.774330139160156,78.79071044921875,21.160216434437626,11972732,"182,218,182",0.0,1355.1376953125,84.261474609375,180.82725524902344,21.159759436047366
BraTS-GLI-02133-100,02133,100,10390483,"182,218,182",0.0,1666.0941162109375,68.76737213134766,151.62481689453125,18.319583682775537,10396592,"182,218,182",0.0,583.0518188476562,63.320064544677734,139.58432006835938,18.319583682775537,10410774,"182,218,182",0.0,595.4413452148438,34.88545608520508,77.44701385498047,18.319583682775537,10427886,"182,218,182",0.0,1569.3712158203125,90.87842559814453,212.51266479492188,18.319583682775537
BraTS-GLI-02133-101,02133,101,10271385,"182,218,182",0.0,1794.34326171875,73.21141815185547,162.68699645996094,18.093701842063574,10275953,"182,218,182",0.0,598.3430786132812,65.98566436767578,146.3822784423828,18.093701842063574,10287316,"182,218,182",0.0,603.1549072265625,37.92723846435547,85.30274963378906,18.093701842063574,10300461,"182,218,182",0.0,1553.764892578125,89.27367401123047,207.0467987060547,18.093701842063574
BraTS-GLI-02133-102,02133,102,10707881,"182,218,182",0.0,1685.4486083984375,68.54327392578125,148.78182983398438,18.88134549189091,10708816,"182,218,182",0.0,649.3496704101562,61.583457946777344,133.0481414794922,18.88134549189091,10734843,"182,218,182",0.0,728.0814208984375,37.164615631103516,84.64862823486328,18.881317795018774,10750424,"182,218,182",0.0,1909.892578125,99.22858428955078,235.0929718017578,18.88133164345484
BraTS-GLI-02133-103,02133,103,10948402,"182,218,182",0.0,7822.0703125,331.2090759277344,729.7207641601562,19.281592991140325,10954305,"182,218,182",0.0,4297.72021484375,292.814697265625,641.091796875,19.281592991140325,10938797,"182,218,182",0.0,2568.416259765625,156.07354736328125,335.1208190917969,19.281592991140325,10965161,"182,218,182",0.0,1913.167236328125,126.73422241210938,296.0815124511719,19.281592991140325
BraTS-GLI-02148-100,02148,100,12163222,"182,218,182",0.0,16061.328125,580.0089721679688,1201.9820556640625,21.495888676300005,12175956,"182,218,182",0.0,8437.5205078125,505.17181396484375,1048.529052734375,21.495888676300005,12157688,"182,218,182",0.0,1450.697998046875,128.8096923828125,265.58514404296875,21.495099315444108,12182113,"182,218,182",0.0,3897.027587890625,268.13018798828125,587.6092529296875,21.495888676300005
BraTS-GLI-02148-101,02148,101,12314447,"182,218,182",0.0,2193.321044921875,94.46778106689453,187.85403442382812,21.825647635961175,12322388,"182,218,182",0.0,1317.55126953125,79.98185729980469,159.15524291992188,21.825647635961175,12345466,"182,218,182",0.0,925.7002563476562,47.384029388427734,95.91020202636719,21.825647635961175,12363760,"182,218,182",0.0,1810.4141845703125,120.37592315673828,259.24334716796875,21.825301425059465
BraTS-GLI-02177-100,02177,100,12194848,"182,218,182",0.0,5367.50439453125,263.3133544921875,542.2679443359375,21.549025125494527,12204226,"182,218,182",0.0,2766.839111328125,235.48733520507812,490.5250244140625,21.549025125494527,12189413,"182,218,182",0.0,551.5917358398438,44.34751510620117,89.77106475830078,21.549025125494527,12209892,"182,218,182",0.0,1433.9722900390625,92.68335723876953,195.2046356201172,21.549025125494527
BraTS-GLI-02177-101,02177,101,12416585,"182,218,182",0.0,1180.3875732421875,69.01546478271484,137.8612518310547,21.97960069973378,12421633,"182,218,182",0.0,656.8618774414062,61.684669494628906,123.81434631347656,21.97960069973378,12425542,"182,218,182",0.0,589.2896118164062,44.07154846191406,89.04122161865234,21.97960069973378,12450175,"182,218,182",0.0,1254.2335205078125,101.70718383789062,218.55116271972656,21.97960069973378
BraTS-GLI-02180-100,02180,100,11749965,"182,218,182",0.0,6545.63720703125,277.53326416015625,583.9279174804688,20.74447253522765,11765192,"182,218,182",0.0,2733.91650390625,235.9516143798828,503.276611328125,20.74447253522765,11745202,"182,218,182",0.0,545.7384033203125,40.96086883544922,84.53528594970703,20.74447253522765,11768226,"182,218,182",0.0,1791.8365478515625,102.0409164428711,219.66505432128906,20.74447253522765
BraTS-GLI-02180-101,02180,101,12038447,"182,218,182",0.0,10801.7890625,431.12542724609375,902.7314453125,21.273552035221556,12056724,"182,218,182",0.0,3693.193115234375,356.5263671875,745.106689453125,21.273552035221556,12030284,"182,218,182",0.0,1776.2064208984375,169.7941436767578,340.8228454589844,21.27353818678549,12059486,"182,218,182",0.0,2273.881103515625,151.3867950439453,338.41650390625,21.273552035221556
BraTS-GLI-02180-102,02180,102,12107098,"182,218,182",0.0,9185.8671875,383.1521911621094,790.7249755859375,21.39950356126382,12123466,"182,218,182",0.0,3731.537841796875,331.262451171875,687.633056640625,21.39950356126382,12098698,"182,218,182",0.0,1688.3543701171875,167.63551330566406,334.3479309082031,21.39950356126382,12123316,"182,218,182",0.0,2347.68310546875,166.59884643554688,364.83843994140625,21.39950356126382
BraTS-GLI-02180-103,02180,103,11674315,"182,218,182",0.0,8135.34521484375,266.6424560546875,566.4081420898438,20.613050876938367,11692906,"182,218,182",0.0,2929.596435546875,220.2503204345703,472.09881591796875,20.613050876938367,11673131,"182,218,182",0.0,519.8276977539062,40.163639068603516,83.20063018798828,20.613050876938367,11694955,"182,218,182",0.0,1577.826416015625,96.89605712890625,208.42422485351562,20.613050876938367
BraTS-GLI-02180-104,02180,104,11790184,"182,218,182",0.0,6836.36474609375,294.5489807128906,618.2925415039062,20.819655694643092,11805316,"182,218,182",0.0,2741.931884765625,252.8832244873047,534.9093627929688,20.819655694643092,11765936,"182,218,182",0.0,622.1555786132812,57.71309280395508,119.59355163574219,20.819655694643092,11817637,"182,218,182",0.0,1817.514892578125,94.14630126953125,208.90133666992188,20.819655694643092
BraTS-GLI-02180-105,02180,105,11754259,"182,218,182",0.0,6327.73193359375,271.91180419921875,568.7813110351562,20.766283822035412,11771593,"182,218,182",0.0,2480.889892578125,237.40049743652344,500.103271484375,20.766283822035412,11737259,"182,218,182",0.0,609.0374755859375,51.69684600830078,107.34858703613281,20.766283822035412,11789381,"182,218,182",0.0,1739.124267578125,84.22537231445312,187.8504180908203,20.766283822035412
BraTS-GLI-02187-100,02187,100,13632099,"182,218,182",0.0,5583.06396484375,286.760498046875,549.1277465820312,24.180311069110346,13640596,"182,218,182",0.0,3266.016357421875,243.2905731201172,465.3007507324219,24.180311069110346,13602523,"182,218,182",0.0,1152.6041259765625,106.31831359863281,199.47091674804688,24.18015873631359,13648105,"182,218,182",0.0,2267.87255859375,156.2175750732422,311.6612548828125,24.180311069110346
BraTS-GLI-02187-101,02187,101,13466025,"182,218,182",0.0,10592.658203125,537.7496948242188,1032.45556640625,23.907067577044387,13480782,"182,218,182",0.0,4597.64697265625,469.57098388671875,888.971923828125,23.907067577044387,13455551,"182,218,182",0.0,2310.813720703125,219.6444549560547,408.9902038574219,23.907067577044387,13492537,"182,218,182",0.0,2938.029541015625,224.23196411132812,453.5867004394531,23.906818305195156
BraTS-GLI-02187-102,02187,102,13537570,"182,218,182",0.0,6148.96142578125,328.0868835449219,628.8327026367188,24.01638713136848,13551194,"182,218,182",0.0,3145.777587890625,281.5911560058594,539.876953125,24.01638713136848,13493298,"182,218,182",0.0,1432.7230224609375,127.5140380859375,238.12489318847656,24.01638713136848,13550386,"182,218,182",0.0,2699.7490234375,203.88955688476562,411.80609130859375,24.01638713136848
BraTS-GLI-02189-100,02189,100,11880845,"182,218,182",0.0,1087.49609375,52.944278717041016,109.6529769897461,21.04123067173778,11895075,"182,218,182",0.0,430.636962890625,46.70860290527344,97.15170288085938,21.04123067173778,11894208,"182,218,182",0.0,642.0206909179688,41.07881164550781,85.49827575683594,21.04120297486564,11911983,"182,218,182",0.0,1133.301025390625,86.08948516845703,186.72328186035156,21.04123067173778
BraTS-GLI-02189-101,02189,101,11676141,"182,218,182",0.0,1913.808837890625,74.66372680664062,156.0275421142578,20.669538647661444,11683087,"182,218,182",0.0,926.8089599609375,66.5344009399414,137.9870147705078,20.669538647661444,11697913,"182,218,182",0.0,669.8741455078125,40.974327087402344,86.1678695678711,20.669538647661444,11709972,"182,218,182",0.0,1607.7110595703125,107.02313995361328,230.9839630126953,20.669538647661444
BraTS-GLI-02190-100,02190,100,12861523,"182,218,182",0.0,13288.17578125,606.9960327148438,1181.740478515625,22.815298422718524,12883665,"182,218,182",0.0,5444.50439453125,530.185791015625,1035.815673828125,22.815298422718524,12827683,"182,218,182",0.0,1978.24169921875,234.17384338378906,443.9463195800781,22.815298422718524,12879570,"182,218,182",0.0,3038.392822265625,196.5511474609375,400.4206848144531,22.815298422718524
BraTS-GLI-02190-101,02190,101,12557567,"182,218,182",0.0,2628.58642578125,106.00347137451172,205.36422729492188,22.323983607883193,12581931,"182,218,182",0.0,1780.5631103515625,95.74617004394531,185.5399932861328,22.323983607883193,12579897,"182,218,182",0.0,888.0621948242188,59.00080871582031,114.3817367553711,22.323983607883193,12632892,"182,218,182",0.0,2197.022705078125,121.46309661865234,253.4674530029297,22.323014217358406
BraTS-GLI-02210-100,02210,100,5605848,"182,218,182",0.0,1206.6719970703125,68.55355072021484,137.09548950195312,21.514057824421773,5617066,"182,218,182",0.0,497.2810363769531,60.90241622924805,121.94700622558594,21.514057824421773,5627008,"182,218,182",0.0,589.8702392578125,45.614933013916016,91.26842498779297,21.513947036933224,5707709,"182,218,182",0.0,1332.5301513671875,87.59791564941406,184.320556640625,21.514057824421773
BraTS-GLI-02210-101,02210,101,5542015,"182,218,182",0.0,1666.231689453125,79.10610961914062,159.26258850097656,21.249109545560803,5523031,"182,218,182",0.0,983.48291015625,71.97181701660156,144.65029907226562,21.249109545560803,5580224,"182,218,182",0.0,849.5418090820312,44.52349853515625,91.26509094238281,21.249109545560803,5680023,"182,218,182",0.0,1697.07080078125,112.52389526367188,241.8030242919922,21.249109545560803
BraTS-GLI-02210-102,02210,102,5815460,"182,218,182",0.0,10062.8193359375,446.72705078125,909.1423950195312,21.878784085155694,5819204,"182,218,182",0.0,3692.726806640625,375.22808837890625,755.4131469726562,21.878784085155694,5731334,"182,218,182",0.0,1922.62109375,165.33871459960938,324.5948181152344,21.878784085155694,5812515,"182,218,182",0.0,2221.61767578125,153.95816040039062,327.75616455078125,21.878784085155694
BraTS-GLI-02210-103,02210,103,5740345,"182,218,182",0.0,7677.7744140625,372.5646057128906,760.6134033203125,21.690403809317004,5731138,"182,218,182",0.0,2992.373046875,324.3030090332031,656.3843383789062,21.690403809317004,5686891,"182,218,182",0.0,1838.451171875,161.619873046875,319.5426025390625,21.690403809317004,5762294,"182,218,182",0.0,2288.161865234375,155.9247283935547,334.26605224609375,21.690403809317004
BraTS-GLI-02210-104,02210,104,5563877,"182,218,182",0.0,2066.125,90.80599975585938,185.02120971679688,21.08280367681517,5538660,"182,218,182",0.0,1015.401123046875,81.66625213623047,165.98524475097656,21.08280367681517,5663466,"182,218,182",0.0,276.8995666503906,25.36846923828125,53.834075927734375,21.078316783529,5641330,"182,218,182",0.0,1935.0621337890625,126.98733520507812,281.36492919921875,21.08280367681517
BraTS-GLI-02212-100,02212,100,5715648,"182,218,182",0.0,1230.285888671875,63.03410339355469,125.91678619384766,21.867816123789506,5736003,"182,218,182",0.0,501.93408203125,56.13165283203125,112.20345306396484,21.867816123789506,5744167,"182,218,182",0.0,1799.0186767578125,44.2578125,89.15153503417969,21.867816123789506,5798828,"182,218,182",0.0,1944.55615234375,85.73908996582031,181.85250854492188,21.86778842691737
BraTS-GLI-02212-101,02212,101,5812400,"182,218,182",0.0,7996.0419921875,382.55548095703125,787.8103637695312,21.88685772338358,5783490,"182,218,182",0.0,3372.466552734375,323.6722717285156,653.9241943359375,21.88685772338358,5753926,"182,218,182",0.0,1854.3389892578125,163.40396118164062,324.0048828125,21.88685772338358,5821636,"182,218,182",0.0,2084.713134765625,154.62814331054688,333.5516662597656,21.88685772338358
BraTS-GLI-02212-102,02212,102,5649865,"182,218,182",0.0,1273.1746826171875,58.072139739990234,117.96920013427734,21.546075408611955,5670549,"182,218,182",0.0,405.81280517578125,51.95537185668945,105.41739654541016,21.546075408611955,5683432,"182,218,182",0.0,525.6047973632812,41.05839157104492,83.68356323242188,21.546075408611955,5725780,"182,218,182",0.0,1074.1689453125,85.45438385009766,183.7309112548828,21.546033863303748
BraTS-GLI-02212-103,02212,103,5584915,"182,218,182",0.0,1781.1221923828125,74.51882934570312,151.08209228515625,21.409197466511714,5565061,"182,218,182",0.0,590.245849609375,67.36231994628906,135.45272827148438,21.409197466511714,5665855,"182,218,182",0.0,630.490234375,40.516151428222656,83.6221694946289,21.409197466511714,5716983,"182,218,182",0.0,1729.7015380859375,115.41659545898438,255.75759887695312,21.409183618075645
BraTS-GLI-02212-104,02212,104,5660499,"182,218,182",0.0,2352.973388671875,94.88069152832031,192.87608337402344,21.429277698810917,5629819,"182,218,182",0.0,874.77294921875,84.04317474365234,169.1566925048828,21.429277698810917,5752219,"182,218,182",0.0,284.8977966308594,24.980207443237305,53.096195220947266,21.425026228937913,5728144,"182,218,182",0.0,2034.61572265625,147.18177795410156,325.1522521972656,21.429250001938783
BraTS-GLI-02213-100,02213,100,5251084,"182,218,182",0.0,1723.8658447265625,86.78958892822266,180.9190673828125,20.029270054474207,5315282,"182,218,182",0.0,2012.40380859375,91.92156982421875,191.285400390625,20.029270054474207,5234788,"182,218,182",0.0,1397.656982421875,60.107627868652344,125.11963653564453,20.029270054474207,5343125,"182,218,182",0.0,2182.650146484375,130.32467651367188,285.01971435546875,20.029214660729934
BraTS-GLI-02213-101,02213,101,5258239,"182,218,182",0.0,2543.514404296875,96.43449401855469,202.8626251220703,19.867201807165515,5258074,"182,218,182",0.0,1718.8450927734375,87.6981201171875,183.30679321289062,19.867201807165515,5200922,"182,218,182",0.0,833.2561645507812,58.2774543762207,122.11322784423828,19.867201807165515,5288303,"182,218,182",0.0,2225.6298828125,141.6803436279297,312.76983642578125,19.867201807165515
BraTS-GLI-02213-102,02213,102,5165350,"182,218,182",0.0,2204.45166015625,91.23316192626953,194.3350372314453,19.45613867934666,5152936,"182,218,182",0.0,1493.5589599609375,82.24077606201172,174.44781494140625,19.45613867934666,5106687,"182,218,182",0.0,1089.8748779296875,54.413551330566406,116.03191375732422,19.45613867934666,5213678,"182,218,182",0.0,2021.423828125,117.41002655029297,265.7946472167969,19.45613867934666
BraTS-GLI-02213-103,02213,103,5200263,"182,218,182",0.0,2102.27783203125,88.53621673583984,187.50962829589844,19.64715015803835,5183850,"182,218,182",0.0,1605.210205078125,79.78612518310547,168.07200622558594,19.64715015803835,5243045,"182,218,182",0.0,280.39801025390625,26.25349998474121,57.207603454589844,19.64464359110997,5262254,"182,218,182",0.0,2074.638671875,123.61579132080078,279.6566467285156,19.64715015803835
BraTS-GLI-02214-100,02214,100,5071321,"182,218,182",0.0,2339.610595703125,89.73014068603516,193.37147521972656,19.072066153425162,5056168,"182,218,182",0.0,1499.95654296875,79.99604034423828,172.19493103027344,19.072066153425162,5017750,"182,218,182",0.0,939.2382202148438,51.488433837890625,111.56354522705078,19.070556673893705,5117476,"182,218,182",0.0,2101.896240234375,122.47887420654297,280.64703369140625,19.07050128014943
BraTS-GLI-02214-101,02214,101,5002151,"182,218,182",0.0,1862.2530517578125,70.77135467529297,153.6775360107422,19.032722746554786,4990475,"182,218,182",0.0,1394.3489990234375,62.06865310668945,134.965087890625,19.032722746554786,5038273,"182,218,182",0.0,813.7346801757812,39.70272445678711,88.15824890136719,19.032722746554786,5104202,"182,218,182",0.0,1797.2130126953125,92.3518295288086,216.0964813232422,19.032030324751364
BraTS-GLI-02214-102,02214,102,5015211,"182,218,182",0.0,1835.8209228515625,73.77550506591797,160.52987670898438,19.038359060034633,5008350,"182,218,182",0.0,1591.8798828125,71.25593566894531,154.00559997558594,19.038359060034633,5039177,"182,218,182",0.0,919.8595581054688,43.95301818847656,97.62947845458984,19.038359060034633,5116985,"182,218,182",0.0,2014.252685546875,116.34984588623047,270.55303955078125,19.038359060034633
BraTS-GLI-02214-103,02214,103,4953396,"182,218,182",0.0,1768.328125,69.72154235839844,152.29794311523438,18.83452392954359,4934950,"182,218,182",0.0,1271.7899169921875,62.659549713134766,136.5589599609375,18.83452392954359,4986029,"182,218,182",0.0,809.244140625,40.87002182006836,91.15746307373047,18.83431620300256,5054314,"182,218,182",0.0,1781.602783203125,96.75626373291016,227.7588653564453,18.834302354566493
BraTS-GLI-02214-104,02214,104,4934876,"182,218,182",0.0,1713.0692138671875,70.52056884765625,154.4559783935547,18.752471945838213,4917666,"182,218,182",0.0,1257.7978515625,64.21648406982422,140.5255584716797,18.752471945838213,5050967,"182,218,182",0.0,257.1779479980469,21.426494598388672,48.772640228271484,18.747805022883153,5036735,"182,218,182",0.0,1778.8321533203125,103.02692413330078,243.2957000732422,18.752333461477527
BraTS-GLI-02255-100,02255,100,6175618,"182,218,182",0.0,4615.00048828125,151.627197265625,353.10296630859375,19.70581213322417,6145998,"182,218,182",0.0,1536.9429931640625,111.91725158691406,248.55409240722656,19.715686068140954,6150798,"182,218,182",0.0,1777.2418212890625,134.12681579589844,297.82489013671875,19.716461580560786,6103234,"182,218,182",0.0,6167.41259765625,424.406982421875,955.3594360351562,19.663560554779426
BraTS-GLI-02257-100,02257,100,7236742,"182,218,182",0.0,4201.7998046875,169.0050506591797,348.6884460449219,23.231970167145082,7228906,"182,218,182",0.0,2774.078369140625,129.66189575195312,262.0270690917969,23.24041771314682,7218000,"182,218,182",0.0,3028.101806640625,146.20401000976562,291.43023681640625,23.24129016461913,7177272,"182,218,182",0.0,6487.35546875,529.5552978515625,1085.6798095703125,23.231180806289185
BraTS-GLI-02257-101,02257,101,7122251,"182,218,182",0.0,4055.0390625,169.22410583496094,353.3134765625,22.820117678470336,7082202,"182,218,182",0.0,1588.4005126953125,129.1549835205078,261.91748046875,22.824923085786075,7081436,"182,218,182",0.0,1847.849853515625,143.17416381835938,286.6141052246094,22.82567090133377,7045548,"182,218,182",0.0,6627.47119140625,524.9429931640625,1091.7301025390625,22.784818014931936
BraTS-GLI-02257-102,02257,102,7304489,"182,218,182",0.0,4791.22119140625,173.89450073242188,361.2474365234375,23.46706121784255,7284494,"182,218,182",0.0,2065.11181640625,130.3140869140625,260.76611328125,23.475148704506502,7281761,"182,218,182",0.0,2180.650146484375,153.0030517578125,305.56585693359375,23.473846951516073,7239082,"182,218,182",0.0,7111.4345703125,549.8085327148438,1122.4249267578125,23.4319138871009
BraTS-GLI-02272-100,02272,100,7073532,"182,218,182",0.0,6042.62451171875,170.89454650878906,371.1602478027344,22.60748879107585,7057846,"182,218,182",0.0,2887.5390625,125.53736114501953,261.3953552246094,22.61358210294595,7024059,"182,218,182",0.0,2944.35498046875,151.7457275390625,310.989013671875,22.612931226450733,6972879,"182,218,182",0.0,6761.05078125,449.0350646972656,951.369873046875,22.603735864901306
BraTS-GLI-02272-101,02272,101,7098368,"182,218,182",0.0,5541.9111328125,167.789306640625,359.6308898925781,22.676827910470415,7075908,"182,218,182",0.0,2503.135009765625,124.6795425415039,259.3868408203125,22.68044235228427,7048342,"182,218,182",0.0,2171.781494140625,147.30447387695312,295.6244812011719,22.679874566405466,6995540,"182,218,182",0.0,7252.2392578125,454.6781005859375,951.06689453125,22.672424107800655
BraTS-GLI-02275-100,02275,100,7368697,"182,218,182",0.0,4176.2373046875,180.8228302001953,359.7727355957031,23.79780341646457,7345175,"182,218,182",0.0,1781.2630615234375,139.4026336669922,271.0722961425781,23.80000531779945,7363093,"182,218,182",0.0,2173.184326171875,160.1995391845703,310.936767578125,23.801099344248854,7323883,"182,218,182",0.0,6770.46826171875,477.85540771484375,950.3128051757812,23.74354524394851
BraTS-GLI-02275-101,02275,101,7395509,"182,218,182",0.0,3772.3857421875,183.448974609375,362.4886474609375,23.93542917411251,7373068,"182,218,182",0.0,1909.2352294921875,141.0098876953125,271.7299499511719,23.936744775539008,7395404,"182,218,182",0.0,1751.904296875,163.99334716796875,318.3456726074219,23.938295800378672,7346099,"182,218,182",0.0,6861.6865234375,481.0118713378906,939.191162109375,23.866062357845806
BraTS-GLI-02275-102,02275,102,7381262,"182,218,182",0.0,3958.5537109375,182.32862854003906,358.5218811035156,23.945413896517838,7365915,"182,218,182",0.0,2086.11572265625,141.2194366455078,270.9577941894531,23.947269586951005,7398255,"182,218,182",0.0,2080.2841796875,174.29283142089844,343.6961975097656,23.94861288524964,7321601,"182,218,182",0.0,6887.37451171875,486.116455078125,950.4124145507812,23.809768465227684
BraTS-GLI-02276-100,02276,100,6783447,"182,218,182",0.0,5079.35302734375,165.22970581054688,351.2762145996094,21.86367544140505,6755511,"182,218,182",0.0,1576.38037109375,129.41575622558594,265.13323974609375,21.87000417668832,6793361,"182,218,182",0.0,2302.671142578125,145.03302001953125,298.3502502441406,21.869422542373446,6728542,"182,218,182",0.0,6701.02685546875,499.7227478027344,1044.3843994140625,21.862429082158894
BraTS-GLI-02280-100,02280,100,6420664,"182,218,182",0.0,4285.96923828125,156.8731689453125,346.80731201171875,20.61372945030572,6411099,"182,218,182",0.0,1697.7513427734375,117.75508117675781,254.68186950683594,20.61845176700505,6382508,"182,218,182",0.0,1849.487060546875,133.37783813476562,282.41558837890625,20.61823019202795,6371035,"182,218,182",0.0,6864.818359375,464.1209411621094,1007.9991455078125,20.60058728447679
BraTS-GLI-02283-100,02283,100,7279272,"182,218,182",0.0,4642.97900390625,184.43600463867188,397.8705749511719,23.341705174551226,7236244,"182,218,182",0.0,1846.1910400390625,130.08294677734375,260.10076904296875,23.351149807949888,7251947,"182,218,182",0.0,1933.9322509765625,152.72984313964844,304.58587646484375,23.35113595951382,7192644,"182,218,182",0.0,7282.38134765625,546.8582763671875,1129.56298828125,23.31050464808908
BraTS-GLI-02297-100,02297,100,6395765,"182,218,182",0.0,4625.28955078125,154.3802947998047,346.8197326660156,20.460731928621836,6376433,"182,218,182",0.0,1506.706298828125,115.72146606445312,251.90306091308594,20.468182387226648,6404605,"182,218,182",0.0,1671.448486328125,129.64840698242188,281.5209655761719,20.467476116987157,6367996,"182,218,182",0.0,6941.6962890625,485.3277893066406,1079.421630859375,20.45869620851978
BraTS-GLI-02298-100,02298,100,5922439,"182,218,182",0.0,4765.10205078125,144.34730529785156,340.806396484375,18.84877397025799,5904874,"182,218,182",0.0,2403.431396484375,104.88139343261719,240.58975219726562,18.853634771318006,5909751,"182,218,182",0.0,1617.534423828125,118.87776947021484,267.5447082519531,18.852831562026036,5881357,"182,218,182",0.0,10447.9990234375,456.9678649902344,1052.61181640625,18.848206184379183
BraTS-GLI-02304-100,02304,100,7026382,"182,218,182",0.0,5598.48291015625,168.5901641845703,359.65179443359375,22.47896145592486,6999938,"182,218,182",0.0,2198.5927734375,126.90611267089844,261.5489501953125,22.48675812543138,7040537,"182,218,182",0.0,1764.046142578125,141.4766082763672,294.33221435546875,22.48738130505446,6938863,"182,218,182",0.0,7283.06884765625,569.49072265625,1192.849609375,22.454131210054186
BraTS-GLI-02309-100,02309,100,7534422,"182,218,182",0.0,3884.01513671875,202.4153594970703,363.2782897949219,25.210219259518585,7819069,"182,218,182",0.0,3355.15966796875,143.1615753173828,275.43524169921875,25.212047253079618,7766678,"182,218,182",0.0,3057.251708984375,166.4229736328125,310.9553527832031,25.211797981230383,7716548,"182,218,182",0.0,6678.9921875,516.4235229492188,995.8825073242188,25.19696630620111
BraTS-GLI-02310-100,02310,100,8066163,"182,218,182",0.0,5488.77783203125,205.31329345703125,406.7067565917969,26.125919397670582,8026639,"182,218,182",0.0,1842.69091796875,151.9846649169922,279.92620849609375,26.127830481848026,8022754,"182,218,182",0.0,2013.036376953125,188.62269592285156,346.80072021484375,26.126764152270752,7972164,"182,218,182",0.0,5772.55908203125,462.4939880371094,850.663330078125,26.113192684923707
BraTS-GLI-02313-100,02313,100,6850344,"182,218,182",0.0,5104.224609375,172.0367431640625,377.4009094238281,21.975418472041117,6841227,"182,218,182",0.0,2139.41357421875,128.06686401367188,272.1303405761719,21.982716597849173,6845312,"182,218,182",0.0,6342.0478515625,156.0131378173828,330.1977844238281,21.981719510452248,6809017,"182,218,182",0.0,11012.650390625,369.9334411621094,788.6951904296875,21.95252700722002
BraTS-GLI-02321-100,02321,100,6026021,"182,218,182",0.0,5278.50390625,143.9799041748047,340.24981689453125,19.18642653847816,6006842,"182,218,182",0.0,1911.5245361328125,108.40066528320312,249.33035278320312,19.188462258580213,6014930,"182,218,182",0.0,1861.7440185546875,122.28582763671875,273.9922790527344,19.187769836776795,5943221,"182,218,182",0.0,5790.75439453125,388.0028991699219,888.215087890625,19.182770551356093
BraTS-GLI-02321-101,02321,101,5940881,"182,218,182",0.0,3260.509765625,135.2046661376953,310.79736328125,18.975750280569315,5956156,"182,218,182",0.0,2138.56787109375,106.36356353759766,247.8412628173828,18.97586106805786,5946282,"182,218,182",0.0,3657.4150390625,121.13579559326172,272.7745361328125,18.975016313457687,5873671,"182,218,182",0.0,5603.7548828125,375.50982666015625,867.650634765625,18.970598662351865
BraTS-GLI-02328-100,02328,100,6823870,"182,218,182",0.0,18720.064453125,1332.50439453125,2605.01318359375,22.35623661548654,6931261,"182,218,182",0.0,3768.173583984375,131.7842559814453,273.28057861328125,22.35519798278141,6947308,"182,218,182",0.0,2923.347412109375,151.5519561767578,314.373291015625,22.355654981171664,6885796,"182,218,182",0.0,7244.30224609375,545.4647827148438,1130.9757080078125,22.34992172863934
BraTS-GLI-02328-101,02328,101,7032848,"182,218,182",0.0,3759.2802734375,170.85415649414062,351.1454772949219,22.61063238606338,7007843,"182,218,182",0.0,2543.7099609375,130.16041564941406,265.74237060546875,22.610729325115855,7029181,"182,218,182",0.0,3357.369140625,147.63232421875,308.03509521484375,22.61193413905381,6978332,"182,218,182",0.0,7668.09228515625,556.0114135742188,1164.769775390625,22.601741690107453
BraTS-GLI-02349-100,02349,100,6497551,"182,218,182",0.0,4524.0263671875,169.5343475341797,367.9289855957031,21.01707899923446,6451974,"182,218,182",0.0,2063.224609375,128.2544403076172,263.1706237792969,21.02407245944901,6469628,"182,218,182",0.0,1887.602294921875,138.20912170410156,283.80413818359375,21.02487566874098,6443202,"182,218,182",0.0,6801.8115234375,456.956298828125,943.5419921875,20.98686171173317
BraTS-GLI-02356-100,02356,100,5988562,"182,218,182",0.0,4280.9072265625,147.0362091064453,335.3872985839844,19.188531500760554,5959924,"182,218,182",0.0,1862.74169921875,113.71009826660156,252.4507598876953,19.19192436759732,6012243,"182,218,182",0.0,2430.95849609375,127.5188980102539,285.03973388671875,19.19182742854484,5941581,"182,218,182",0.0,6934.62890625,451.1121826171875,1025.5582275390625,19.18804680549816
BraTS-GLI-02356-101,02356,101,6033701,"182,218,182",0.0,4120.7578125,153.98135375976562,354.907958984375,19.33159969378338,5988776,"182,218,182",0.0,1918.086669921875,114.25373840332031,251.35049438476562,19.334452471613474,6051401,"182,218,182",0.0,1912.201904296875,136.12911987304688,308.1094665527344,19.33486792469553,5980766,"182,218,182",0.0,6440.8359375,448.1042175292969,1003.4949951171875,19.328857703441834
BraTS-GLI-02359-100,02359,100,6674508,"182,218,182",0.0,3593.816162109375,157.4703369140625,336.79669189453125,21.4135874207454,6665735,"182,218,182",0.0,2142.137939453125,122.01545715332031,258.1263732910156,21.420885546553457,6684170,"182,218,182",0.0,3720.34375,139.4400177001953,297.9003601074219,21.41962533887123,6634904,"182,218,182",0.0,6739.994140625,445.8944396972656,963.1401977539062,21.410125311728294
BraTS-GLI-02373-100,02373,100,7126698,"182,218,182",0.0,4805.49365234375,177.6634979248047,369.35711669921875,22.99179674041051,7119891,"182,218,182",0.0,2457.7939453125,134.05043029785156,269.7148132324219,22.99196292164333,7068931,"182,218,182",0.0,2027.9156494140625,156.1918182373047,311.3794250488281,22.986783606553747,6987875,"182,218,182",0.0,3836.47900390625,284.6468200683594,553.0877685546875,22.973059806409942
BraTS-GLI-02374-100,02374,100,7253499,"182,218,182",0.0,6082.69873046875,179.5709228515625,391.5455017089844,23.323009785858865,7251100,"182,218,182",0.0,2872.541259765625,129.70147705078125,263.6860046386719,23.330474092899742,7173549,"182,218,182",0.0,2334.419677734375,156.25613403320312,309.2240905761719,23.327635163505715,7113664,"182,218,182",0.0,3719.89794921875,297.54803466796875,584.1154174804688,23.31911837532364
BraTS-GLI-02374-101,02374,101,7127130,"182,218,182",0.0,6301.326171875,172.34556579589844,383.976318359375,22.808138781271154,7129591,"182,218,182",0.0,2936.965576171875,121.6897964477539,256.9647216796875,22.815838511725197,7071576,"182,218,182",0.0,1933.7593994140625,147.42385864257812,300.8374938964844,22.8114070121833,6914426,"182,218,182",0.0,3872.96533203125,307.3843994140625,620.79345703125,22.60946911743363
BraTS-GLI-02391-100,02391,100,7254318,"182,218,182",0.0,5137.814453125,186.6871337890625,389.3927307128906,23.40129499495363,7236414,"182,218,182",0.0,2845.9345703125,139.4849090576172,274.3049621582031,23.40402313685911,7169189,"182,218,182",0.0,1901.968994140625,150.79315185546875,292.3323974609375,23.40269368699654,7127182,"182,218,182",0.0,3681.929443359375,274.4176330566406,527.28173828125,23.385618565324183
BraTS-GLI-02392-100,02392,100,7330622,"182,218,182",0.0,6065.4921875,194.8213653564453,437.9594421386719,23.53268895637078,7302036,"182,218,182",0.0,3208.008056640625,135.72157287597656,273.4341735839844,23.54063795867405,7281008,"182,218,182",0.0,3002.71240234375,154.64056396484375,313.4248046875,23.535777157614035,7191528,"182,218,182",0.0,3837.531494140625,284.2823486328125,560.6801147460938,23.52854827398632
BraTS-GLI-02392-101,02392,101,7240694,"182,218,182",0.0,6566.7060546875,190.7794189453125,435.9287414550781,23.190272526143076,7210512,"182,218,182",0.0,2815.85205078125,132.9466094970703,269.2213134765625,23.199647917361396,7181124,"182,218,182",0.0,2364.103271484375,149.6077117919922,303.4114990234375,23.194745570993177,7042465,"182,218,182",0.0,3848.901611328125,320.3125,638.5328369140625,23.053823885560956
BraTS-GLI-02395-100,02395,100,7751000,"182,218,182",0.0,6523.8876953125,188.53817749023438,411.87689208984375,24.87458856296441,7735731,"182,218,182",0.0,2027.7020263671875,130.86309814453125,262.8298034667969,24.88288377616939,7718695,"182,218,182",0.0,1844.58935546875,145.49269104003906,284.7666931152344,24.878466125063564,7571125,"182,218,182",0.0,3786.216552734375,317.70977783203125,600.5868530273438,24.872968295944403
BraTS-GLI-02395-101,02395,101,7701079,"182,218,182",0.0,6068.06396484375,184.32308959960938,399.8484191894531,24.709362872232113,7687503,"182,218,182",0.0,2870.18994140625,129.70323181152344,261.4322509765625,24.716868724581197,7680527,"182,218,182",0.0,2221.933349609375,143.06251525878906,282.0477294921875,24.71102468456032,7491001,"182,218,182",0.0,3631.447509765625,315.41876220703125,599.2886962890625,24.621729968791165
BraTS-GLI-02397-100,02397,100,5979042,"182,218,182",0.0,5716.9921875,147.5976104736328,353.50341796875,19.04896696206304,5989545,"182,218,182",0.0,2868.3837890625,108.23088836669922,249.80316162109375,19.049964049459966,5960652,"182,218,182",0.0,2996.052490234375,120.1864013671875,267.7255554199219,19.050448744722363,5871436,"182,218,182",0.0,4169.55224609375,255.74586486816406,575.7420654296875,19.047762148125088
BraTS-GLI-02402-100,02402,100,5928201,"182,218,182",0.0,7200.5615234375,156.1996307373047,424.3656921386719,18.734856735159187,5916349,"182,218,182",0.0,3093.238525390625,104.53038787841797,248.18951416015625,18.73692015213338,5897428,"182,218,182",0.0,3011.37451171875,113.09772491455078,264.6533203125,18.734081222739356,5654911,"182,218,182",0.0,3514.32666015625,265.27838134765625,591.4866943359375,18.453318029888248
BraTS-GLI-02402-101,02402,101,6022320,"182,218,182",0.0,6860.35888671875,157.56845092773438,414.6866760253906,19.088753518887604,6008173,"182,218,182",0.0,3747.044189453125,108.1333236694336,252.84011840820312,19.089916787517353,6008017,"182,218,182",0.0,2588.629150390625,122.27033996582031,283.7532043457031,19.088324217369486,5856715,"182,218,182",0.0,3423.218994140625,258.0701599121094,569.398193359375,19.083144902279894
BraTS-GLI-02496-100,02496,100,6662962,"182,218,182",0.0,1016.1455688476562,83.7994155883789,148.58157348632812,26.288070735595685,6798237,"182,218,182",0.0,654.8099975585938,74.93453216552734,133.95150756835938,26.694965484157944,6715650,"182,218,182",0.0,735.966796875,91.793701171875,162.6797637939453,26.42523949485337,6738269,"182,218,182",0.0,1521.5946044921875,111.8348388671875,208.84963989257812,25.979112126909282
BraTS-GLI-02496-101,02496,101,6761084,"182,218,182",0.0,673.4301147460938,47.91691970825195,88.45234680175781,26.21353845267546,6887346,"182,218,182",0.0,310.8006591796875,42.08926010131836,78.49217224121094,26.39596390100473,6761611,"182,218,182",0.0,495.053466796875,57.771575927734375,104.03791809082031,26.535002199131647,6696807,"182,218,182",0.0,906.60205078125,78.05644989013672,148.55059814453125,26.125268521175364
BraTS-GLI-02496-103,02496,103,6663556,"182,218,182",0.0,807.699951171875,51.364925384521484,94.1081314086914,25.98082933298177,6754091,"182,218,182",0.0,350.1864318847656,44.41590881347656,82.26307678222656,26.018566321268207,6635122,"182,218,182",0.0,243.2777862548828,18.87015151977539,34.96016311645508,25.856830436425156,6591026,"182,218,182",0.0,981.2792358398438,78.17308044433594,151.90487670898438,25.63705575601936
BraTS-GLI-02499-100,02499,100,6599987,"182,218,182",0.0,902.335693359375,55.04298400878906,101.6855239868164,25.75541833909613,6694163,"182,218,182",0.0,386.6939392089844,48.37174606323242,89.84861755371094,25.88897265653995,6591155,"182,218,182",0.0,229.21981811523438,22.18086814880371,41.13872146606445,25.630907050404982,6616419,"182,218,182",0.0,1067.528564453125,93.4648208618164,178.6455841064453,25.608846491747993
BraTS-GLI-02499-101,02499,101,6698790,"182,218,182",0.0,682.1209106445312,43.1190299987793,82.47013854980469,25.695399217175606,6762258,"182,218,182",0.0,386.9178466796875,38.784610748291016,75.68225860595703,25.751651564485517,6596062,"182,218,182",0.0,532.475341796875,61.14046859741211,113.41573333740234,25.737096858177612,6571083,"182,218,182",0.0,961.82275390625,83.42882537841797,157.46717834472656,25.55715027990459
BraTS-GLI-02499-102,02499,102,6611442,"182,218,182",0.0,688.9573364257812,42.67879867553711,79.70269012451172,25.610868363413985,6732208,"182,218,182",0.0,298.0122985839844,37.789188385009766,70.9380111694336,25.865831919869624,6577620,"182,218,182",0.0,480.58447265625,61.94596481323242,113.34452819824219,25.77973619283227,6597173,"182,218,182",0.0,1049.946044921875,88.50179290771484,170.10508728027344,25.560737024846308
BraTS-GLI-02499-103,02499,103,6645520,"182,218,182",0.0,663.2357177734375,38.55657958984375,74.01527404785156,25.544700535879084,6767190,"182,218,182",0.0,294.61578369140625,32.105796813964844,60.99202346801758,25.814191101770493,6606622,"182,218,182",0.0,836.0738525390625,53.8548698425293,101.18408966064453,25.676994645640676,6580088,"182,218,182",0.0,1145.09033203125,95.79061889648438,181.00648498535156,25.502116594968697
BraTS-GLI-02500-100,02500,100,6610229,"182,218,182",0.0,724.3554077148438,57.7324333190918,101.51415252685547,26.149780253016463,6732042,"182,218,182",0.0,419.78192138671875,52.61742401123047,92.61415100097656,26.46332269404152,6644850,"182,218,182",0.0,472.2126159667969,39.41551208496094,70.89274597167969,25.837165657208,6660193,"182,218,182",0.0,877.9411010742188,69.81526947021484,136.52027893066406,25.898805046148528
BraTS-GLI-02500-101,02500,101,6487813,"182,218,182",0.0,1021.1939086914062,80.92440795898438,141.9718017578125,25.92576795117374,6614089,"182,218,182",0.0,523.6046752929688,70.66504669189453,125.47944641113281,26.146622809592866,6594003,"182,218,182",0.0,475.4999084472656,46.4134407043457,85.16036224365234,25.66587435147774,6685657,"182,218,182",0.0,1332.143798828125,115.56002044677734,223.2417755126953,25.643246006941943
BraTS-GLI-02500-102,02500,102,6515834,"182,218,182",0.0,810.1327514648438,61.058963775634766,108.13592529296875,25.895301391823217,6637420,"182,218,182",0.0,595.0513916015625,68.41778564453125,121.25607299804688,26.23335556468937,6610914,"182,218,182",0.0,506.96246337890625,59.7056999206543,109.93645477294922,25.834742180896026,6706626,"182,218,182",0.0,1000.440185546875,123.60598754882812,222.61900329589844,25.781688822317918
BraTS-GLI-02500-103,02500,103,6545620,"182,218,182",0.0,998.2643432617188,78.73033905029297,139.6746826171875,25.9423583775837,6594144,"182,218,182",0.0,923.400390625,73.78196716308594,131.68727111816406,26.045016834158886,6510024,"182,218,182",0.0,940.4849853515625,59.865413665771484,108.718994140625,25.566373338326155,6627359,"182,218,182",0.0,1153.577880859375,105.97181701660156,205.33433532714844,25.458867929127027
BraTS-GLI-02500-104,02500,104,6431641,"182,218,182",0.0,1164.7432861328125,84.50724029541016,149.57981872558594,25.68195238575317,6600630,"182,218,182",0.0,690.4618530273438,65.81774139404297,117.92707824707031,26.004191644629188,6541586,"182,218,182",0.0,662.1541137695312,65.892822265625,122.8697738647461,25.542069333026085,6656959,"182,218,182",0.0,1114.8316650390625,113.91647338867188,215.7351837158203,25.53122600758451
BraTS-GLI-02500-105,02500,105,6493677,"182,218,182",0.0,1135.110595703125,86.08464050292969,152.110107421875,25.84392369400939,6604489,"182,218,182",0.0,554.472900390625,69.12338256835938,123.31087493896484,26.06894693168511,6525622,"182,218,182",0.0,733.448974609375,83.5456771850586,150.84515380859375,25.68981829744003,6624612,"182,218,182",0.0,976.9866333007812,102.65975189208984,192.03924560546875,25.52327700528124
BraTS-GLI-02519-100,02519,100,5187763,"182,218,182",0.0,1188.305419921875,79.45162200927734,155.5618438720703,20.973719545904242,5223056,"182,218,182",0.0,994.22900390625,55.968719482421875,110.42092895507812,20.973719545904242,5260947,"182,218,182",0.0,713.8274536132812,69.61421203613281,138.55938720703125,20.973719545904242,5341235,"182,218,182",0.0,1086.520263671875,71.40141296386719,147.6212615966797,20.973719545904242
BraTS-GLI-02519-101,02519,101,5485467,"182,218,182",0.0,814.3850708007812,51.58673095703125,100.66051483154297,21.8651018303201,5529602,"182,218,182",0.0,674.7874755859375,45.62882995605469,89.16252899169922,21.8651018303201,5507966,"182,218,182",0.0,648.8649291992188,51.03034210205078,99.25891876220703,21.8651018303201,5538414,"182,218,182",0.0,886.9493408203125,66.1068115234375,131.9449005126953,21.8651018303201
BraTS-GLI-02519-102,02519,102,5165964,"182,218,182",0.0,774.790771484375,50.63266372680664,102.48651885986328,20.537618445673694,5202601,"182,218,182",0.0,494.3523864746094,46.564247131347656,95.04224395751953,20.537618445673694,5170126,"182,218,182",0.0,503.52630615234375,52.82759094238281,106.71617889404297,20.537618445673694,5263626,"182,218,182",0.0,1117.5635986328125,78.20854949951172,163.09347534179688,20.537618445673694
BraTS-GLI-02519-103,02519,103,4331908,"182,218,182",0.0,856.09033203125,31.405506134033203,73.23046112060547,16.857521196416247,4378325,"182,218,182",0.0,342.7955017089844,28.235977172851562,66.1546630859375,16.857521196416247,4290072,"182,218,182",0.0,168.21356201171875,12.76392650604248,29.38880729675293,16.856814926176757,4329107,"182,218,182",0.0,1063.9144287109375,53.39900588989258,128.04446411132812,16.857521196416247
BraTS-GLI-02519-104,02519,104,5058695,"182,218,182",0.0,683.9619750976562,50.13194274902344,102.3669662475586,20.14232868653677,5092792,"182,218,182",0.0,482.97894287109375,46.257225036621094,95.11250305175781,20.14232868653677,5091358,"182,218,182",0.0,694.4771118164062,45.912044525146484,94.14647674560547,20.14232868653677,5135661,"182,218,182",0.0,968.7910766601562,65.91019439697266,139.30006408691406,20.14224559592036
BraTS-GLI-02519-105,02519,105,5470696,"182,218,182",0.0,721.7329711914062,52.99353790283203,103.32362365722656,21.785417929182422,5503193,"182,218,182",0.0,517.3850708007812,48.01931381225586,93.98086547851562,21.785417929182422,5530128,"182,218,182",0.0,1051.7366943359375,61.23820114135742,124.7771224975586,21.785417929182422,5594985,"182,218,182",0.0,1357.170654296875,84.50456237792969,172.34295654296875,21.785417929182422
BraTS-GLI-02522-100,02522,100,5146088,"182,218,182",0.0,1338.9820556640625,61.39097595214844,129.56785583496094,20.197556249577623,5151988,"182,218,182",0.0,512.7430419921875,58.206424713134766,122.77458190917969,20.197556249577623,5138906,"182,218,182",0.0,658.5601196289062,62.215824127197266,130.3083953857422,20.197528552705485,5277103,"182,218,182",0.0,1895.939208984375,119.12379455566406,265.48919677734375,20.197556249577623
BraTS-GLI-02522-101,02522,101,6079295,"182,218,182",0.0,589.25732421875,55.801109313964844,103.66270446777344,23.96613115687619,6123192,"182,218,182",0.0,477.77496337890625,50.98979187011719,95.58340454101562,23.96613115687619,6088915,"182,218,182",0.0,770.8201904296875,69.52567291259766,131.19851684570312,23.96613115687619,6229626,"182,218,182",0.0,1258.8251953125,110.16000366210938,212.98757934570312,23.96613115687619
BraTS-GLI-02526-100,02526,100,3918545,"182,218,182",0.0,655.6759033203125,21.22960090637207,53.60275650024414,14.951297820034586,3937586,"182,218,182",0.0,378.7366638183594,19.113872528076172,48.53248596191406,14.951297820034586,3839540,"182,218,182",0.0,237.40365600585938,10.073602676391602,25.370357513427734,14.95095160913288,3859990,"182,218,182",0.0,1127.5089111328125,45.263797760009766,120.19757080078125,14.951297820034586
BraTS-GLI-02532-100,02532,100,5668847,"182,218,182",0.0,1012.230712890625,65.81079864501953,130.1201934814453,22.29591282797251,5687468,"182,218,182",0.0,717.55908203125,59.756919860839844,118.81705474853516,22.29591282797251,5799579,"182,218,182",0.0,255.50489807128906,22.742725372314453,45.782928466796875,22.294334106260713,5801448,"182,218,182",0.0,1377.6439208984375,113.42263793945312,227.08212280273438,22.29591282797251
BraTS-GLI-02532-101,02532,101,5203667,"182,218,182",0.0,1252.5628662109375,48.14146423339844,104.1993408203125,20.2907008305738,5233758,"182,218,182",0.0,585.1924438476562,41.88720703125,89.736083984375,20.2907008305738,5233299,"182,218,182",0.0,328.85955810546875,19.956653594970703,42.1188850402832,20.288845140140634,5292110,"182,218,182",0.0,1653.552734375,100.2612533569336,219.21026611328125,20.290686982137736
BraTS-GLI-02532-102,02532,102,5648901,"182,218,182",0.0,1592.7364501953125,68.7797622680664,140.43380737304688,22.110399178399984,5656027,"182,218,182",0.0,755.7041015625,59.38864517211914,120.141845703125,22.110399178399984,5650633,"182,218,182",0.0,506.064208984375,36.57439422607422,72.5701675415039,22.110316087783573,5767920,"182,218,182",0.0,1945.4932861328125,129.203369140625,272.65936279296875,22.110399178399984
BraTS-GLI-02551-100,02551,100,4955546,"182,218,182",0.0,786.5458984375,48.51438903808594,103.44470977783203,19.46904542176243,4972918,"182,218,182",0.0,492.222900390625,44.45450973510742,94.88487243652344,19.46904542176243,5079167,"182,218,182",0.0,279.7611389160156,19.61219024658203,43.14508819580078,19.46644191578157,5075428,"182,218,182",0.0,1426.3504638671875,96.95096588134766,211.98870849609375,19.468934634273882
BraTS-GLI-02551-101,02551,101,4604858,"182,218,182",0.0,1456.377197265625,52.029170989990234,122.06487274169922,17.882610131072678,4602943,"182,218,182",0.0,528.6547241210938,45.33086395263672,104.64359283447266,17.882610131072678,4658313,"182,218,182",0.0,353.5994873046875,24.06964683532715,55.446022033691406,17.882582434200543,4685230,"182,218,182",0.0,1516.2860107421875,89.84931182861328,215.89669799804688,17.882610131072678
BraTS-GLI-02551-102,02551,102,4717146,"182,218,182",0.0,1113.165771484375,48.92286682128906,111.5060043334961,18.34482938172826,4724948,"182,218,182",0.0,465.7231140136719,43.51924133300781,98.5813217163086,18.34482938172826,4783863,"182,218,182",0.0,330.72344970703125,24.54987144470215,55.478294372558594,18.344787836420057,4807562,"182,218,182",0.0,1480.9781494140625,93.01152038574219,221.918212890625,18.34482938172826
BraTS-GLI-02557-100,02557,100,4091783,"182,218,182",0.0,700.8162231445312,29.84407615661621,72.21556091308594,15.906812211883286,4147758,"182,218,182",0.0,437.3070983886719,26.11581802368164,63.88271713256836,15.906812211883286,4083061,"182,218,182",0.0,219.1634521484375,13.721735000610352,33.11894607543945,15.906784515011152,4106980,"182,218,182",0.0,1095.0986328125,60.672828674316406,147.7642364501953,15.90671527283081
BraTS-GLI-02557-101,02557,101,4316746,"182,218,182",0.0,1094.508056640625,59.08829879760742,133.53163146972656,17.138741387657607,4308810,"182,218,182",0.0,517.2986450195312,54.40888595581055,122.60858917236328,17.138741387657607,4466074,"182,218,182",0.0,222.62364196777344,13.506428718566895,33.11097717285156,17.136996484712988,4484491,"182,218,182",0.0,1184.66845703125,87.8870620727539,209.20372009277344,17.138616751732993
BraTS-GLI-02557-102,02557,102,4391069,"182,218,182",0.0,1256.965576171875,45.70831298828125,109.52576446533203,17.069734630728682,4397458,"182,218,182",0.0,479.8932189941406,38.66353225708008,91.04658508300781,17.069734630728682,4457441,"182,218,182",0.0,348.76397705078125,23.057464599609375,54.30178451538086,17.069734630728682,4471483,"182,218,182",0.0,1724.4237060546875,107.11113739013672,264.3843994140625,17.069734630728682
BraTS-GLI-02559-100,02559,100,4588981,"182,218,182",0.0,1064.374267578125,41.11332702636719,92.76827239990234,18.024598146082166,4622790,"182,218,182",0.0,345.1960144042969,36.304664611816406,81.77074432373047,18.024598146082166,4681198,"182,218,182",0.0,267.5089416503906,18.88017463684082,42.59291076660156,18.024030360203362,4670537,"182,218,182",0.0,1151.2735595703125,78.21600341796875,180.96072387695312,18.024598146082166
BraTS-GLI-02559-101,02559,101,3193179,"182,218,182",0.0,1194.876708984375,29.8469295501709,83.2204360961914,12.371611149209699,3224767,"182,218,182",0.0,377.16455078125,26.165517807006836,73.49317932128906,12.371611149209699,3276173,"182,218,182",0.0,1758.7823486328125,65.97562408447266,183.935302734375,12.37158345233756,3227930,"182,218,182",0.0,1119.8211669921875,43.081851959228516,126.4323501586914,12.371611149209699
BraTS-GLI-02559-102,02559,102,4390728,"182,218,182",0.0,1437.751953125,54.395633697509766,125.71400451660156,17.27268346131135,4403444,"182,218,182",0.0,478.18963623046875,47.17317199707031,108.41564178466797,17.27268346131135,4463000,"182,218,182",0.0,404.8460998535156,25.0079288482666,57.07840347290039,17.27248958320639,4504436,"182,218,182",0.0,1515.4678955078125,77.71619415283203,188.32054138183594,17.27268346131135
BraTS-GLI-02559-103,02559,103,4425027,"182,218,182",0.0,1755.9293212890625,58.13235855102539,135.67369079589844,17.312234594722746,4418617,"182,218,182",0.0,800.1320190429688,49.343910217285156,113.66150665283203,17.312234594722746,4432251,"182,218,182",0.0,438.5809631347656,28.598371505737305,64.94784545898438,17.31205456505386,4521219,"182,218,182",0.0,1609.494873046875,81.86618041992188,198.49879455566406,17.312234594722746
BraTS-GLI-02587-100,02587,100,4743259,"182,218,182",0.0,1175.6234130859375,60.46971130371094,130.12074279785156,18.78496037685472,4751098,"182,218,182",0.0,741.7431640625,53.803585052490234,115.96576690673828,18.78496037685472,4868358,"182,218,182",0.0,369.51226806640625,25.568750381469727,55.660648345947266,18.784641862825147,4830145,"182,218,182",0.0,1391.5924072265625,73.59796905517578,164.28855895996094,18.784558772208737
BraTS-GLI-02587-101,02587,101,4860182,"182,218,182",0.0,909.6541137695312,45.235374450683594,96.9161376953125,19.212821657624563,4887388,"182,218,182",0.0,483.0901184082031,39.71208953857422,84.35952758789062,19.212821657624563,4943240,"182,218,182",0.0,229.46978759765625,17.961740493774414,39.013404846191406,19.212683173263876,4930552,"182,218,182",0.0,1090.1259765625,70.75566864013672,153.97654724121094,19.212821657624563
BraTS-GLI-02587-102,02587,102,4264320,"182,218,182",0.0,1001.1658935546875,32.46876525878906,78.76908111572266,16.50200414566782,4305621,"182,218,182",0.0,393.19281005859375,29.09953498840332,71.1295166015625,16.50200414566782,4262252,"182,218,182",0.0,272.4678649902344,17.521690368652344,40.98999786376953,16.501990297231753,4237897,"182,218,182",0.0,1047.9449462890625,50.684513092041016,126.23623657226562,16.50200414566782
BraTS-GLI-02587-103,02587,103,4212549,"182,218,182",0.0,866.2939453125,31.153047561645508,75.11682891845703,16.35731568562499,4245242,"182,218,182",0.0,353.223388671875,28.28508758544922,68.4461669921875,16.35731568562499,4176054,"182,218,182",0.0,222.7816162109375,11.168811798095703,26.645130157470703,16.35665096069371,4187603,"182,218,182",0.0,887.4347534179688,44.3888053894043,111.25274658203125,16.35731568562499
BraTS-GLI-02587-104,02587,104,4889986,"182,218,182",0.0,867.8447265625,46.20627212524414,98.87680053710938,19.255073236069304,4919968,"182,218,182",0.0,370.2908935546875,41.33232879638672,88.4755630493164,19.255073236069304,4993658,"182,218,182",0.0,245.88966369628906,18.881391525268555,41.1876106262207,19.25504553919717,4985941,"182,218,182",0.0,1118.7159423828125,83.12074279785156,183.31455993652344,19.25501784232503
BraTS-GLI-02587-105,02587,105,4884060,"182,218,182",0.0,851.3433227539062,46.53935241699219,99.2790298461914,19.237042572308223,4913206,"182,218,182",0.0,367.15289306640625,41.77593994140625,89.4118881225586,19.237042572308223,4995195,"182,218,182",0.0,231.7327423095703,18.876750946044922,41.322608947753906,19.23679330045899,4981217,"182,218,182",0.0,1235.7623291015625,83.21710205078125,183.5924530029297,19.236890239511474
BraTS-GLI-02589-100,02589,100,4771431,"182,218,182",0.0,1231.537841796875,51.58182144165039,113.7402114868164,18.787120732881395,4788561,"182,218,182",0.0,751.4061279296875,43.74789047241211,95.27483367919922,18.787120732881395,4799335,"182,218,182",0.0,481.9648132324219,27.938823699951172,60.27672576904297,18.787037642264984,4812133,"182,218,182",0.0,1424.484619140625,71.0083999633789,158.0092315673828,18.787120732881395
BraTS-GLI-02589-101,02589,101,4728472,"182,218,182",0.0,1101.3480224609375,36.82992935180664,84.63526153564453,18.429997263549033,4779511,"182,218,182",0.0,571.3460693359375,30.79217529296875,68.79539489746094,18.429997263549033,4736598,"182,218,182",0.0,344.8952331542969,20.27773094177246,44.5892219543457,18.42984493075228,4704812,"182,218,182",0.0,970.5633544921875,51.426002502441406,120.62251281738281,18.429997263549033
BraTS-GLI-02607-100,02607,100,5389604,"182,218,182",0.0,963.314453125,51.29629898071289,105.8550796508789,21.094990300555377,5407691,"182,218,182",0.0,782.3038330078125,45.38140106201172,93.20497131347656,21.094990300555377,5372312,"182,218,182",0.0,1271.5748291015625,56.75564956665039,117.06559753417969,21.094990300555377,5483436,"182,218,182",0.0,1991.7955322265625,109.69818878173828,244.6541290283203,21.094990300555377
BraTS-GLI-02607-101,02607,101,5816793,"182,218,182",0.0,787.135986328125,41.10802459716797,80.03153991699219,22.833758387997726,5821634,"182,218,182",0.0,839.4496459960938,55.80946350097656,109.46849060058594,22.833758387997726,5872882,"182,218,182",0.0,330.35992431640625,32.917274475097656,64.29681396484375,22.83242893813516,5957965,"182,218,182",0.0,2214.97509765625,139.99440002441406,305.2771911621094,22.833758387997726
BraTS-GLI-02611-100,02611,100,5145095,"182,218,182",0.0,1133.9708251953125,63.34640884399414,133.25172424316406,20.263904106781414,5128243,"182,218,182",0.0,610.6226806640625,53.95853805541992,111.32310485839844,20.263904106781414,5127893,"182,218,182",0.0,615.61474609375,71.18278503417969,146.596923828125,20.263904106781414,5264262,"182,218,182",0.0,1702.8468017578125,98.75985717773438,213.9674530029297,20.263821016165
BraTS-GLI-02611-101,02611,101,5301587,"182,218,182",0.0,1430.6566162109375,63.891666412353516,136.8529052734375,20.7445833227162,5286399,"182,218,182",0.0,419.0664367675781,34.08818435668945,70.6148452758789,20.7445833227162,5279152,"182,218,182",0.0,1047.8956298828125,81.40402221679688,168.46900939941406,20.7445833227162,5399591,"182,218,182",0.0,1782.4990234375,114.78073120117188,252.09996032714844,20.744514080535854
BraTS-GLI-02611-102,02611,102,5289156,"182,218,182",0.0,819.9637451171875,44.8674430847168,93.16622924804688,20.724129182643143,5330069,"182,218,182",0.0,407.5042419433594,38.283267974853516,79.98291778564453,20.724129182643143,5289334,"182,218,182",0.0,716.793212890625,64.78131866455078,135.7674560546875,20.724129182643143,5376305,"182,218,182",0.0,1171.52734375,102.09295654296875,214.8277130126953,20.724129182643143
BraTS-GLI-02626-100,02626,100,4846750,"182,218,182",0.0,1264.7177734375,65.8260726928711,142.42434692382812,19.102768136188843,4837387,"182,218,182",0.0,845.7522583007812,59.39921188354492,127.74520111083984,19.102768136188843,4920865,"182,218,182",0.0,1281.113525390625,75.96492767333984,164.6499786376953,19.102685045572436,4998651,"182,218,182",0.0,3112.91357421875,102.87749481201172,237.9709930419922,19.102768136188843
BraTS-GLI-02626-101,02626,101,5381142,"182,218,182",0.0,1094.98095703125,57.95265579223633,119.31346130371094,21.142171922240475,5398990,"182,218,182",0.0,434.2308654785156,50.449005126953125,102.71578216552734,21.142171922240475,5407569,"182,218,182",0.0,808.4298095703125,57.067562103271484,118.27867126464844,21.141202531715688,5504623,"182,218,182",0.0,1218.97900390625,97.4050064086914,203.89517211914062,21.142171922240475
BraTS-GLI-02627-100,02627,100,4325368,"182,218,182",0.0,1077.5584716796875,49.38534927368164,113.09053802490234,17.08593730092873,4329980,"182,218,182",0.0,592.6302490234375,44.61466979980469,101.49335479736328,17.08593730092873,4441406,"182,218,182",0.0,381.3858642578125,22.726238250732422,52.46148681640625,17.08593730092873,4422871,"182,218,182",0.0,1584.5841064453125,73.02819061279297,182.02841186523438,17.08593730092873
BraTS-GLI-02627-101,02627,101,4317591,"182,218,182",0.0,4058.817626953125,71.1054916381836,168.1835174560547,16.738881644618107,4292762,"182,218,182",0.0,3102.748291015625,62.5787467956543,145.9606170654297,16.738881644618107,4279177,"182,218,182",0.0,1109.7003173828125,32.854854583740234,76.81739044189453,16.738812402437766,4379632,"182,218,182",0.0,2290.930419921875,111.41815948486328,278.4061584472656,16.738867796182042
BraTS-GLI-02627-102,02627,102,3450566,"182,218,182",0.0,1036.7716064453125,27.515911102294922,75.01319122314453,13.301865993669605,3478654,"182,218,182",0.0,526.4927978515625,24.11715316772461,65.59557342529297,13.301865993669605,3495517,"182,218,182",0.0,295.166259765625,14.785061836242676,39.540775299072266,13.301865993669605,3471361,"182,218,182",0.0,1058.74462890625,47.32240295410156,137.98622131347656,13.3018244483614
BraTS-GLI-02678-100,02678,100,3119163,"182,218,182",-226.0,10487.0,458.4384765625,888.1005859375,25.51660205909626,3137900,"182,218,182",-38.0,3182.0,398.5707702636719,762.097412109375,25.774501483998407,3052947,"182,218,182",-12.0,5449.0,385.240478515625,713.7122802734375,25.61096530246646,3275589,"182,218,182",0.0,7102.0,524.2711181640625,988.9828491210938,26.486671157252868
BraTS-GLI-02679-100,02679,100,6629387,"182,218,182",0.0,3519.694091796875,178.82662963867188,341.95416259765625,25.587367567405877,6742417,"182,218,182",0.0,1191.5283203125,141.56317138671875,269.76654052734375,25.809288755402278,6622070,"182,218,182",0.0,1870.402587890625,164.27561950683594,313.5647277832031,25.503266015162374,3290534,"182,218,182",0.0,6882.0,616.1688842773438,1184.6650390625,26.15062500761664
BraTS-GLI-02680-100,02680,100,3187824,"182,218,182",-122.0,10668.0,606.9356689453125,1148.46240234375,25.69685330296279,3189595,"182,218,182",-37.0,4309.0,510.9736633300781,943.2294921875,26.25336655480823,2999271,"182,218,182",0.0,3348.0,236.86582946777344,463.843505859375,25.588253867314258,3390486,"182,218,182",0.0,8903.0,556.3429565429688,1114.227783203125,26.71497647427681
BraTS-GLI-02681-100,02681,100,2899277,"182,218,182",-15.0,5447.0,205.27410888671875,396.9793701171875,25.532749335552037,2862027,"182,218,182",-8.0,1747.0,170.07272338867188,319.0350341796875,25.624384437016758,2704380,"182,218,182",-22.0,2405.0,120.28765106201172,232.91256713867188,25.296813530254404,3206607,"182,218,182",0.0,3444.0,277.2760009765625,496.2685546875,27.719445087627363
BraTS-GLI-02684-100,02684,100,6709545,"182,218,182",0.0,3485.5224609375,188.54757690429688,352.9936828613281,25.988986061826065,6862722,"182,218,182",0.0,1307.2222900390625,148.53570556640625,275.99896240234375,26.278210649114975,6774426,"182,218,182",0.0,1544.9937744140625,167.92250061035156,308.5691833496094,26.19297352511386,3343138,"182,218,182",0.0,7917.0,616.3359985351562,1166.7967529296875,26.59320717592721
BraTS-GLI-02692-100,02692,100,3098578,"182,218,182",0.0,9935.0,420.1362609863281,793.1129150390625,25.740877481224288,3097738,"182,218,182",0.0,3072.0,357.3484802246094,680.98291015625,25.828399597176695,3015830,"182,218,182",0.0,2947.0,311.4212951660156,582.3294067382812,25.619703665625632,3283202,"182,218,182",0.0,7993.0,485.4205627441406,919.6223754882812,26.694785454489057
BraTS-GLI-02700-100,02700,100,3211836,"182,218,182",-291.0,15944.0,519.9181518554688,1033.478515625,25.690704597348414,3156796,"182,218,182",-39.0,5040.0,405.836669921875,787.4652099609375,25.66984885262937,3101173,"182,218,182",-21.0,4335.0,369.85955810546875,710.4258422851562,25.73625210357744,3332830,"182,218,182",0.0,9211.0,630.6736450195312,1214.25634765625,26.49119959584724
BraTS-GLI-02702-100,02702,100,6702394,"182,218,182",0.0,4496.69384765625,195.08499145507812,375.60418701171875,25.865236437118682,6807864,"182,218,182",0.0,1296.9683837890625,147.0487518310547,276.1124572753906,26.07289373596461,6727424,"182,218,182",0.0,1945.2069091796875,171.4622039794922,319.52276611328125,25.933135319162137,3338403,"182,218,182",0.0,6618.0,568.1954345703125,1090.438720703125,26.591489969854727
BraTS-GLI-02703-100,02703,100,6696607,"182,218,182",0.0,3952.408447265625,195.72024536132812,368.5021667480469,25.95989049764632,6838446,"182,218,182",0.0,1218.7335205078125,150.54432678222656,277.8218688964844,26.22432638437276,6766376,"182,218,182",0.0,2365.91064453125,174.10243225097656,319.7678527832031,26.209508557779554,3329431,"182,218,182",0.0,6730.0,548.0768432617188,1021.7466430664062,26.797540850116714
BraTS-GLI-02711-100,02711,100,6634985,"182,218,182",0.0,3467.712158203125,181.5560760498047,347.88739013671875,25.640545561908603,6772157,"182,218,182",0.0,1754.6011962890625,144.36769104003906,272.2861022949219,25.93488022210676,6614111,"182,218,182",0.0,1919.3607177734375,168.0899200439453,320.26348876953125,25.48826815890028,3334684,"182,218,182",0.0,8145.0,638.967041015625,1218.692138671875,26.42222053579045
BraTS-GLI-02712-100,02712,100,6731592,"182,218,182",0.0,3763.4423828125,186.30673217773438,356.4068908691406,26.04885285094984,6907612,"182,218,182",0.0,1402.694091796875,144.2368927001953,270.6162414550781,26.441372922873075,6690705,"182,218,182",0.0,1579.711181640625,157.1949005126953,294.69976806640625,25.806394432263975,3320369,"182,218,182",0.0,8452.0,628.65673828125,1193.90771484375,26.545817827701086
BraTS-GLI-02713-100,02713,100,3206254,"182,218,182",-202.0,12469.0,654.7623291015625,1229.8741455078125,25.704262216259394,3197975,"182,218,182",-37.0,4681.0,500.52545166015625,938.4156494140625,25.90613086882872,3066784,"182,218,182",-5.0,3911.0,372.9130554199219,699.9664306640625,25.66063964264388,3283631,"182,218,182",0.0,7005.0,575.4607543945312,1107.3912353515625,26.263254338161087
BraTS-GLI-02714-100,02714,100,6669431,"182,218,182",0.0,2927.002685546875,185.8639373779297,347.0502014160156,25.85433771793284,6875546,"182,218,182",0.0,1629.46484375,149.45082092285156,276.2755432128906,26.34365835797432,6688065,"182,218,182",0.0,1838.75732421875,171.24436950683594,319.3117980957031,25.809219513221933,3321377,"182,218,182",0.0,6748.0,553.3551025390625,1048.27783203125,26.64979188570276
BraTS-GLI-02715-100,02715,100,2826716,"182,218,182",-14.0,3664.0,175.27882385253906,337.1062316894531,24.949965600484806,2867902,"182,218,182",-7.0,2166.0,160.41519165039062,303.175537109375,25.58465327393647,2681009,"182,218,182",-40.0,1260.0,116.42984008789062,219.34683227539062,25.03524426979412,3122124,"182,218,182",0.0,3195.0,256.92218017578125,466.84442138671875,27.028034220039466
BraTS-GLI-02728-100,02728,100,3137865,"182,218,182",0.0,11170.0,473.88555908203125,913.2053833007812,25.540739883163514,3111986,"182,218,182",0.0,3761.0,374.4751892089844,722.3485717773438,25.678601064224615,3025579,"182,218,182",0.0,3640.0,303.39306640625,586.8972778320312,25.432985202115155,3339452,"182,218,182",0.0,8350.0,582.8802490234375,1109.9761962890625,26.706044233012676
BraTS-GLI-02730-100,02730,100,6711789,"182,218,182",0.0,3743.6357421875,192.52481079101562,360.802001953125,26.125739368001692,6870780,"182,218,182",0.0,1451.962158203125,149.0561065673828,274.6321716308594,26.380578288532718,6742118,"182,218,182",0.0,1572.6923828125,165.9130401611328,305.07373046875,26.10921818377207,3326301,"182,218,182",0.0,6539.0,593.5404663085938,1102.0491943359375,26.775258716482632
BraTS-GLI-02733-100,02733,100,6582979,"182,218,182",0.0,3533.271240234375,182.26492309570312,348.1263122558594,25.4480938458658,6798134,"182,218,182",0.0,1731.562744140625,147.48114013671875,274.4649963378906,26.095840594529978,6675624,"182,218,182",0.0,1768.235595703125,164.8857879638672,314.0999450683594,25.705120819295637,3387828,"182,218,182",0.0,7139.0,667.1306762695312,1254.183837890625,26.734364284772592
BraTS-GLI-03033-100,03033,100,4700582,"182,218,182",0.0,623.0416870117188,34.34343719482422,75.0036392211914,18.44750168673951,4771281,"182,218,182",0.0,300.7542419433594,29.003389358520508,64.34969329833984,18.44750168673951,4695615,"182,218,182",0.0,143.53562927246094,11.9784574508667,26.39873695373535,18.44750168673951,4718721,"182,218,182",0.0,932.3175659179688,47.63441467285156,112.0569076538086,18.447473989867376
BraTS-GLI-03037-100,03037,100,4753545,"182,218,182",0.0,2087.41064453125,80.37894439697266,173.4264678955078,18.76255360729602,4840241,"182,218,182",-28.313419342041016,454.6950988769531,31.326257705688477,68.77483367919922,18.75941001230849,4763938,"182,218,182",0.0,704.481201171875,67.84934997558594,147.89874267578125,18.76256745573209,4765071,"182,218,182",0.0,1005.242919921875,49.845458984375,110.67928314208984,18.76256745573209
BraTS-GLI-03037-101,03037,101,4865233,"182,218,182",0.0,763.5079345703125,37.337066650390625,80.043212890625,19.102214198746108,4936573,"182,218,182",0.0,295.8359069824219,31.69901466369629,69.08445739746094,19.102214198746108,4900268,"182,218,182",0.0,155.5902099609375,13.082941055297852,28.97707748413086,19.102117259693628,4890119,"182,218,182",0.0,850.9993896484375,53.66383361816406,121.48273468017578,19.10130020196559
BraTS-GLI-03037-102,03037,102,4793969,"182,218,182",0.0,1155.0550537109375,44.52964782714844,99.62161254882812,18.76335681658799,4827643,"182,218,182",0.0,468.4147644042969,37.005252838134766,81.5794906616211,18.76335681658799,4864945,"182,218,182",0.0,308.0352478027344,18.792442321777344,42.16212463378906,18.76229048701072,4858460,"182,218,182",0.0,1283.2554931640625,69.11593627929688,162.2898712158203,18.763315271279783
BraTS-GLI-03039-100,03039,100,5183456,"182,218,182",0.0,949.67431640625,41.60206985473633,84.72942352294922,20.5331869461318,5272964,"182,218,182",0.0,382.59356689453125,33.526920318603516,69.20790100097656,20.5331869461318,5321780,"182,218,182",0.0,135.0516815185547,9.612570762634277,20.85530662536621,20.53317309769573,5205871,"182,218,182",0.0,901.8544921875,48.56678009033203,104.62327575683594,20.53317309769573
BraTS-GLI-03044-100,03044,100,6104488,"182,218,182",0.0,600.631591796875,39.414241790771484,76.37940216064453,23.808979104371787,5945757,"182,218,182",0.0,805.1453857421875,85.61051177978516,157.06597900390625,23.808979104371787,6112801,"182,218,182",0.0,560.0982055664062,35.05232238769531,66.45929718017578,23.808979104371787,6042445,"182,218,182",0.0,735.0111694335938,67.28652954101562,129.6970977783203,23.808979104371787
BraTS-GLI-03046-100,03046,100,4272432,"182,218,182",0.0,1174.708984375,38.240943908691406,90.40812683105469,16.745819711088387,4301903,"182,218,182",0.0,466.5871887207031,33.850730895996094,80.17655181884766,16.745819711088387,4332509,"182,218,182",0.0,458.8944396972656,17.476539611816406,41.93839645385742,16.74465644245864,4382682,"182,218,182",0.0,722.4022216796875,29.495450973510742,76.89430236816406,16.74570892359984
BraTS-GLI-03046-101,03046,101,4312058,"182,218,182",0.0,745.3212890625,33.64753341674805,78.1563491821289,16.84771650367981,4380317,"182,218,182",0.0,307.1139831542969,27.226911544799805,64.8343505859375,16.84771650367981,4345974,"182,218,182",0.0,140.19970703125,10.86414909362793,26.12562370300293,16.847024081876384,4327183,"182,218,182",0.0,798.8046875,48.74290466308594,119.6219482421875,16.84771650367981
BraTS-GLI-03046-102,03046,102,4321389,"182,218,182",0.0,1073.4505615234375,40.77359390258789,95.88946533203125,16.902099312120484,4349631,"182,218,182",0.0,415.5738220214844,35.827720642089844,83.95755767822266,16.902099312120484,4399124,"182,218,182",0.0,360.5604553222656,18.07644271850586,42.71372604370117,16.90097758879894,4395119,"182,218,182",0.0,1515.2847900390625,66.07561492919922,166.7234344482422,16.902085463684415
BraTS-GLI-03047-100,03047,100,4691414,"182,218,182",0.0,646.3239135742188,19.81159019470215,44.98455810546875,18.180046840950155,4683957,"182,218,182",0.0,248.9432373046875,16.176651000976562,36.757816314697266,18.180046840950155,4699589,"182,218,182",0.0,107.55463409423828,7.044576644897461,16.12769317626953,18.179880659717337,4670097,"182,218,182",0.0,595.7254638671875,33.23646545410156,76.10115051269531,18.179991447205886
BraTS-GLI-03047-101,03047,101,4750494,"182,218,182",0.0,616.2669677734375,34.41746520996094,76.22945404052734,18.545354735998952,4822988,"182,218,182",0.0,480.2738037109375,27.57545280456543,61.703643798828125,18.545354735998952,4745118,"182,218,182",0.0,242.67079162597656,13.007234573364258,29.097190856933594,18.545340887562887,4780011,"182,218,182",0.0,987.9029541015625,67.7298583984375,152.89744567871094,18.545354735998952
BraTS-GLI-03057-100,03057,100,5427796,"182,218,182",0.0,1369.67724609375,57.208778381347656,119.11640930175781,21.260229839723742,5450278,"182,218,182",0.0,748.6849365234375,46.249000549316406,94.28609466552734,21.260229839723742,5488493,"182,218,182",0.0,308.02557373046875,28.47671890258789,57.943817138671875,21.25982823507776,5528152,"182,218,182",0.0,1400.7308349609375,100.53106689453125,216.58294677734375,21.259939022566304
BraTS-GLI-03058-100,03058,100,4443872,"182,218,182",0.0,974.812744140625,45.77622985839844,103.49874877929688,17.512012133445744,4490570,"182,218,182",0.0,485.549072265625,35.98630142211914,82.21963500976562,17.512012133445744,4532620,"182,218,182",0.0,207.7054901123047,17.178823471069336,39.66060256958008,17.511776710032585,4517616,"182,218,182",0.0,1125.078125,67.06175231933594,156.58758544921875,17.51188749752113
